Year,Month,Date,Location,Site,Z (m),Spp,Length,Width,Height,% Bleach,% Pale,Old,Recent,Bites,Pred,#Damsel,Damsel spp,Lithoph,Pink,%Algae,Alg spp,%FLCY,% Barnacles,% Worm,Eucidaris,# Snail,% Disease,Disease Type,Black Sponge,Sponge,COTS,Notes,BL 0,PA 0,Old 0,Recent 0,?,PWG Dead,PWG Bleach
2014,8,08/20/14,Secas,Dog-Reef,7.9,PACL,105,45,40,,15,25,2,15,,,,,,,,,,,,,,,,,,Not totally sure if this was ICA or transect,0,15,25,2,0,,
2014,8,08/22/14,Uva,Uva-reef,4.2,MIIN,32,32,9,20,20,,,,,,,,,,,,,,,,,,,,,,20,20,0,0,1,,1
2014,8,08/22/14,Uva,Uva-reef,4.2,PODA,42,35,25,,,,,,,,,,,,,,,,,,,,,,,,0,0,0,0,0,,
2014,8,08/22/14,Uva,Uva-reef,4.2,PODA,28,29,15,,,5,,,,,,,,,,,,,,,,,,,,,0,0,5,0,0,,
2014,8,08/22/14,Uva,Uva-reef,4.2,POEL,30,25,12,,,,,,,,,,,,,,,,,,,,,,,,0,0,0,0,0,,
2014,8,08/22/14,Uva,Uva-reef,4.2,PAVA,17,13,11,10,20,18,,,,,,,,,,,,,,,,,,,,Bleaching around old mortality on top,10,20,18,0,1,,
2014,8,08/22/14,Uva,Uva-reef,4.2,POLO,19,11,22,,,7,4,10,,,,5,,,,,,,,,,,,,,,0,0,7,4,0,,
2014,8,08/22/14,Uva,Uva-reef,4.2,PAGI,12,8,11,,,,,,,,,,,,,,,,,,,,,,,,0,0,0,0,0,,
2014,8,08/22/14,Uva,Uva-reef,4.2,PODA,21,20,10,,,,,,,,,,,,,,,,,,,,,,,coralith,0,0,0,0,0,,
2014,8,08/22/14,Uva,Uva-reef,4.2,PAVA,42,32,27,10,30,30,2,,,1,SACAP,,,,,,,,,,,,,,,Bleaching and mortality on top,10,30,30,2,1,,
2014,8,08/22/14,Uva,Uva-reef,4.2,PAGI,18,6,7,,,12,,,,,,,,,,,,,,,,,,,,,0,0,12,0,0,,
2014,8,08/22/14,Uva,Uva-reef,4.2,PAVA,55,50,23,,,25,,,,,,,,,,,,,,,,,,,,,0,0,25,0,0,,
2014,8,08/22/14,Uva,Uva-reef,2.4,PACL,13,7,9,,,35,,,,,,,,,,,,,,,,,,,,"Top mortality, from low tide?",0,0,35,0,0,,
2014,8,08/22/14,Uva,Uva-reef,2.4,PAGI,22,20,5,,,15,,,,,,,,,,,,,,,,,,,,,0,0,15,0,0,,
2014,8,08/22/14,Uva,Uva-reef,2.4,POLO,67,37,30,,,65,,,,1,SACAP,,,,,,,,,,,,,,,Mortality from SACAP,0,0,65,0,0,1,
2014,8,08/22/14,Uva,Uva-reef,2.4,PAGI,12,6,4,10,10,10,,4,,1,SACAP,,,,,,,,,,,,,,,Bleaching medial/focal,10,10,10,0,1,,
2014,8,08/22/14,Uva,Uva-reef,2.4,PAGI,26,22,18,,,30,,,,,,,,,,,,,,,,,,,,,0,0,30,0,0,,
2014,8,08/22/14,Uva,Uva-reef,2.4,PACL,10,6,5,,,25,,30,,,,,,,,,,,,,,,,,,,0,0,25,0,0,,
2014,8,08/22/14,Uva,Uva-reef,2.4,GAPL,23,17,27,,,30,,6,,1,SACAP,,,,,,,,,,,,,,,,0,0,30,0,0,,
2014,8,08/22/14,Uva,Uva-reef,2.4,GAPL,32,1,12,,,10,,,,,,,,,,,,,,,,,,,,,0,0,10,0,0,,
2014,8,08/22/14,Uva,Uva-reef,2.4,PACL,55,36,33,,,15,4,15,,,,,,,,,,,,,,,,,,Bites are parrot,0,0,15,4,0,,
2014,8,08/22/14,Uva,Uva-reef,2.4,PAVA,20,18,14,10,5,40,,,,,,,,,,,,,,,,,,,,Bleaching on top,10,5,40,0,1,,
2014,8,08/22/14,Uva,Uva-reef,2.4,PODA,28,20,14,,,5,,,,,,,,10,MACA,5,,,,,,,,,,,0,0,5,0,0,,
2014,8,08/22/14,Uva,Uva-reef,2.4,PAVA,24,18,9,5,,20,,,,,,,,,,,,,,,,,,,,Bleaching mostly on top,5,0,20,0,1,,
2014,8,08/22/14,Uva,Uva-reef,2.4,PACL,17,14,13,,5,5,,20,,,,,,,,,,,,,,,,,,Symbioinium tag #340,0,5,5,0,0,,
2014,8,08/22/14,Uva,Uva-reef,2.4,GAPL,36,23,21,,,8,10,25,,,,,,,,,,,,,,,,,,,0,0,8,10,0,,
2014,8,08/22/14,Uva,Uva-reef,2.4,GAPL,36,18,29,,,35,5,12,,1,SACAP,,,,,,,,,,,,,,,,0,0,35,5,0,,
2014,8,08/22/14,Uva,Uva-reef,2.4,POLO,20,12,11,,,7,2,20,,,,,,,,,,,,,,,,,,,0,0,7,2,0,,
2014,8,08/22/14,Uva,Uva-reef,2.4,POLO,15,9,6,,35,3,,,,,,,5,,,,,,,,,,,,,Blue morph,0,35,3,0,0,,
2014,8,08/22/14,Uva,Uva-reef,2.4,POLO,6,5,4,,,,6,6,,,,,,,,,,,,,,,,,,,0,0,0,6,0,,
2014,8,08/22/14,Uva,Uva-reef,2.4,MIIN,145,95,30,,30,,,,,,,,,,,,,,,,,,,,,Symbiodinium tag#255.  Not counting portion encrusting rebar,0,30,0,0,0,,
2014,8,08/22/14,Uva,Uva-reef,2.4,MIIN,50,30,18,,,,,,,,,,,,,,,,,,,,,,,,0,0,0,0,0,,
2014,8,08/22/14,Uva,Uva-reef,2.4,MIIN,30,22,13,,,,,,,,,,,,,,,,,,,,,,,Symbiodinium tag#256,0,0,0,0,0,,
2014,8,08/22/14,Uva,Uva-reef,2.4,MIIN,23,18,16,,,,,,,,,,,,,,,,,,,,,,,,0,0,0,0,0,,
2014,8,08/22/14,Uva,Uva-reef,2.4,GAPL,67,55,50,,,10,,,,,,,,,,,,,,,,,,,,,0,0,10,0,0,,
2014,8,08/22/14,Uva,Uva-reef,3.9,POLO,19,16,12,,,,,,,,,,,,,,,,,,,,,,,"No date or other metadata on sheet.  Was with 2014 sheets, and think that is correct.  Assume by depth it is Uva Reef.  Could be Secas-Dog",0,0,0,0,0,,
2014,8,08/22/14,Uva,Uva-reef,2.7,POLO,10,7,5,,80,10,,,,,,,,,,,,,,,,,,,,"No date or other metadata on sheet.  Was with 2014 sheets, and think that is correct.  Assume by depth it is Uva Reef.  Could be Secas-Dog",0,80,10,0,0,,
2014,8,08/22/14,Uva,Uva-reef,3.9,PODA,19,16,12,,,,,,,,,,,,,,,,,,,,,,,"No date or other metadata on sheet.  Was with 2014 sheets, and think that is correct.  Assume by depth it is Uva Reef.  Could be Secas-Dog",0,0,0,0,0,,
2014,8,08/22/14,Uva,Uva-reef,3.3,PODA,30,26,10,,,,,,,,,,,,,,,,,,,,,,,"No date or other metadata on sheet.  Was with 2014 sheets, and think that is correct.  Assume by depth it is Uva Reef.  Could be Secas-Dog",0,0,0,0,0,,
2014,8,08/22/14,Uva,Uva-reef,3.3,POEL,24,23,24,,,,,,,,,,,,,,,,,,,,,,,"No date or other metadata on sheet.  Was with 2014 sheets, and think that is correct.  Assume by depth it is Uva Reef.  Could be Secas-Dog",0,0,0,0,0,,
2014,8,08/22/14,Uva,Uva-reef,4.2,POEL,25,22,12,,,,,,,,,,,,,,,,,,,,,,,"No date or other metadata on sheet.  Was with 2014 sheets, and think that is correct.  Assume by depth it is Uva Reef.  Could be Secas-Dog",0,0,0,0,0,,
2014,8,08/22/14,Uva,Uva-reef,4.2,POEL,15,18,5,,,,,,,,,,,,,,,,,,,,,,,"No date or other metadata on sheet.  Was with 2014 sheets, and think that is correct.  Assume by depth it is Uva Reef.  Could be Secas-Dog",0,0,0,0,0,,
2014,8,08/22/14,Uva,Uva-reef,3.3,GAPL,12,10,5,,,,,,,,,,,,,,,,,,,,,,,"No date or other metadata on sheet.  Was with 2014 sheets, and think that is correct.  Assume by depth it is Uva Reef.  Could be Secas-Dog",0,0,0,0,0,,
2014,8,08/22/14,Uva,Uva-reef,4.2,GAPL,32,30,12,,,30,,,,,,,,,,,,,,,,,,,,"No date or other metadata on sheet.  Was with 2014 sheets, and think that is correct.  Assume by depth it is Uva Reef.  Could be Secas-Dog",0,0,30,0,0,,
2014,8,08/22/14,Uva,Uva-reef,4.2,GAPL,22,26,10,,,5,,,,,,,,,,,,,,,,,,,,"No date or other metadata on sheet.  Was with 2014 sheets, and think that is correct.  Assume by depth it is Uva Reef.  Could be Secas-Dog",0,0,5,0,0,,
2014,8,08/22/14,Uva,Uva-reef,4.5,GAPL,36,33,30,,,5,,,,,,,,,,,,,,,,,,,,"No date or other metadata on sheet.  Was with 2014 sheets, and think that is correct.  Assume by depth it is Uva Reef.  Could be Secas-Dog",0,0,5,0,0,,
2014,8,08/22/14,Uva,Uva-reef,3.3,GAPL,120,80,100,,,25,,25,,1,Stspp,,,,,,,,,,,,,,,"No date or other metadata on sheet.  Was with 2014 sheets, and think that is correct.  Assume by depth it is Uva Reef.  Could be Secas-Dog",0,0,25,0,0,,
2014,8,08/22/14,Uva,Uva-reef,4.2,PACL,110,30,100,,,5,,,,,,,,,,,,,,,,,,,,"No full date on sheet, but month and year",0,0,5,0,0,,
2014,8,08/22/14,Uva,Uva-reef,3.3,PACL,14,12,10,,20,,,,,,,,,,,,,,,,,,,,,"No full date on sheet, but month and year",0,20,0,0,0,,
2014,8,08/22/14,Uva,Uva-reef,3.3,PACL,125,90,90,,20,50,,,,1,Stspp,,,,,,,,,,,,,,,"No full date on sheet, but month and year",0,20,50,0,0,1,
2014,8,08/22/14,Uva,Uva-reef,4.2,PACL,60,30,35,,,5,,,,,,,,,,,,,,,,,,,,"No full date on sheet, but month and year",0,0,5,0,0,,
2014,8,08/22/14,Uva,Uva-reef,4.2,PACL,75,60,30,,,5,,,,,,,,,,,,,,,,,,,,"No full date on sheet, but month and year",0,0,5,0,0,,
2014,8,08/22/14,Uva,Uva-reef,3.6,PAVA,21,14,26,,20,10,,,,,,,,,,,,,,,,,,,,"No full date on sheet, but month and year",0,20,10,0,0,,
2014,8,08/22/14,Uva,Uva-reef,3.3,PAVA,15,12,12,,,,,,,,,,,,,,,,,,,,,,,"No full date on sheet, but month and year",0,0,0,0,0,,
2014,8,08/22/14,Uva,Uva-reef,3.3,PAVA,19,12,11,,5,,,,,,,,,,,,,,,,,,,,,"No full date on sheet, but month and year",0,5,0,0,0,,
2014,8,08/22/14,Uva,Uva-reef,4.2,PAVA,30,27,15,,50,50,,,,,,,,,,,,,,,,,,,,"No full date on sheet, but month and year",0,50,50,0,0,1,
2014,8,08/22/14,Uva,Uva-reef,4.2,PAVA,12,10,7,,,20,,,,,,,,,,,,,,,,,,,,"No full date on sheet, but month and year",0,0,20,0,0,,
2014,8,08/22/14,Uva,Uva-reef,3.3,PAGI,19,14,9,,,5,,5,,,,,,,,,,,,,,,,,,"No full date on sheet, but month and year, Bites are parrotfish",0,0,5,0,0,,
2014,8,08/22/14,Uva,Uva-reef,3.3,PAGI,10,9,5,,,,,,,,,,,,,,,,,,,,,,,"No full date on sheet, but month and year",0,0,0,0,0,,
2014,8,08/22/14,Uva,Uva-reef,3.6,PAGI,18,16,4,,,15,,,,,,,,,,,,,,,,,,,,"No full date on sheet, but month and year",0,0,15,0,0,,
2014,8,08/22/14,Uva,Uva-reef,3.6,PAGI,19,15,11,,,,,,,,,,,,,,,,,,,,,,,"No full date on sheet, but month and year",0,0,0,0,0,,
2014,8,08/22/14,Uva,Uva-reef,3.3,PAGI,22,10,10,,,5,,,,,,,,,,,,,,,,,,,,"No full date on sheet, but month and year",0,0,5,0,0,,
2014,8,08/22/14,Uva,Uva-reef,5.5,MIIN,19,17,14,,,,,,,,,,,,,,,,,,,,,,,"No full date on sheet, but month and year",0,0,0,0,0,,
2014,8,08/22/14,Uva,Uva-reef,5.5,MIIN,13,12,9,,,,,,,,,,,,,,,,,,,,,,,"No full date on sheet, but month and year",0,0,0,0,0,,
2014,8,08/22/14,Uva,Uva-reef,5.5,MIIN,12,12,10,,,,,,,,,,,,,,,,,,,,,,,"No full date on sheet, but month and year",0,0,0,0,0,,
2014,8,08/22/14,Uva,Uva-reef,5.5,MIIN,27,22,18,,5,,,,,,,,,,,,,,,,,,,,,"No full date on sheet, but month and year",0,5,0,0,0,,
2014,8,08/22/14,Uva,Uva-reef,5.5,MIIN,17,12,10,,,,,,,,,,,,,,,,,,,,,,,"No full date on sheet, but month and year",0,0,0,0,0,,
2014,8,08/22/14,Uva,Uva-reef,3.3,POLO,45,41,19,,,5,,,,,,5,,,,,,,,,,,,,,"No full date on sheet, but month and year",0,0,5,0,0,,
2014,8,08/22/14,Uva,Uva-reef,3.3,POLO,9,6,2,,,10,,10,,,,,,,,,,,,,,,,,,"No full date on sheet, but month and year, Bites are parrotfish",0,0,10,0,0,,
2014,8,08/22/14,Uva,Uva-reef,2.7,POLO,4,2,2,,,5,,,,,,,,,,,,,,,,,,,,"No full date on sheet, but month and year",0,0,5,0,0,,
2014,8,08/24/14,Uva,Uva-Ridley,8,PAGI,42,15,20,,,30,,,,1,Sflav,,,2,Fil,,,,,,,,,,,"1 S. flavilatus, ",0,0,30,0,0,,
2014,8,08/24/14,Uva,Uva-Ridley,7,PAGI,18,13,14,,,35,,,,,,,,,,,,,,,,,,,,,0,0,35,0,0,,
2014,8,08/24/14,Uva,Uva-Ridley,8,PAGI,17,8,13,,,60,,,,,,,,,,,,,,,,,,,,,0,0,60,0,0,1,
2014,8,08/24/14,Uva,Uva-Ridley,8,PAGI,7,6,6,,,10,,,,,,,,,,,,,,,,,,,,,0,0,10,0,0,,
2014,8,08/24/14,Uva,Uva-Ridley,8,PAGI,17,15,9,,,20,,,,,,,,,,,,,,,,,,,,,0,0,20,0,0,,
2014,8,08/24/14,Uva,Uva-Ridley,7,GAPL,85,50,75,,,40,,,,1,Sflav,,,,,,,,,,,,,,,1 S. flavilatus,0,0,40,0,0,,
2014,8,08/24/14,Uva,Uva-Ridley,8,PAVA,17,10,3,,,,,,,,,,,,,,,,,,,,,,,,0,0,0,0,0,,
2014,8,08/24/14,Uva,Uva-Ridley,8,PAVA,80,75,50,,,30,5,,,,,,,,,,,,,,,,,,,Recent COT?,0,0,30,5,0,,
2014,8,08/24/14,Uva,Uva-Ridley,7,PAVA,22,8,7,,12,,,,,,,,,,,,,,,,,,,,,,0,12,0,0,0,,
2014,8,08/24/14,Uva,Uva-Ridley,7.3,PAGI,27,17,14,,2,50,30,,,,,,,,,,,,,,,,,,,,0,2,50,30,0,1,
2014,8,08/24/14,Uva,Uva-Ridley,6.4,PAGI,10,3,5,,,,,,,,,,,,,,,,,,,,,,,,0,0,0,0,0,,
2014,8,08/24/14,Uva,Uva-Ridley,6.4,PAGI,30,14,19,,,50,,,,1,Sacap,,,,,,,,,,,,,,,,0,0,50,0,0,1,
2014,8,08/24/14,Uva,Uva-Ridley,6.4,PAGI,19,15,10,,,,,,,,,,,,,,,,,,,,,,,,0,0,0,0,0,,
2014,8,08/24/14,Uva,Uva-Ridley,7.6,GAPL,100,80,100,,,40,,,,1,Sflav,,,,,,,,,,,,,,,,0,0,40,0,0,,
2014,8,08/24/14,Uva,Uva-Ridley,7,PAGI,25,22,17,,,70,,,,1,damelfish,,,,,,,,,,,,,,,,0,0,70,0,0,1,
2014,8,08/24/14,Uva,Uva-Ridley,7.6,POLO,43,39,15,,5,5,,,,,,,,,,,,,,,,,,,,Notes I cannot discern,0,5,5,0,0,,
2014,8,08/24/14,Uva,Uva-Ridley,8.5,POLO,65,58,58,,10,5,,,,,,,1,1,Turf,,,,,,,,,,,"Notes I cannot discern, pink and turf not given percentages.  Put in as 1%",0,10,5,0,0,,
2014,8,08/24/14,Uva,Uva-Ridley,8.5,POLO,67,76,53,,,1,,10,,,,,,,,,,,,,,,,,,,0,0,1,0,0,,
2014,8,08/24/14,Uva,Uva-Ridley,7.9,POLO,44,41,,,50,20,,,,,,,1,1,Turf,,,,,,,,,,,"Polychaetes pink, mucus cover, green turf.  No %'s given, listed as 1%",0,50,20,0,0,,
2014,8,08/24/14,Uva,Uva-Ridley,9.1,MIIN,12,12,8,,,,,,,,,,,,,,,,,,,,,,,,0,0,0,0,0,,
2014,8,08/24/14,Uva,Uva-Ridley,9.1,MIIN,10,12,9,,,,,,,,,,,,,,,,,,,,,,,,0,0,0,0,0,,
2014,8,08/24/14,Uva,Uva-Ridley,8.8,MIIN,10,12,9,,,,,,,,,,,,,,,,,,,,,,,,0,0,0,0,0,,
2014,8,08/24/14,Uva,Uva-Ridley,8.8,MIIN,36,37,10,,,,,,,,,,,,,,,,,,,,,,,,0,0,0,0,0,,
2014,8,08/24/14,Uva,Uva-Ridley,9.4,MIIN,41,31,10,,,,,,,,,,,,,,,,,,,,,,,,0,0,0,0,0,,
2014,8,08/24/14,Uva,Uva-Ridley,7.9,MIIN,8,7,7,,,,,,,,,,,,,,,,,,,,,,,,0,0,0,0,0,,
2014,8,08/24/14,Uva,Uva-Ridley,9.1,PAVA,30,20,10,,,20,,,,,,,,,,,,,,,,,,,,,0,0,20,0,0,,
2014,8,08/24/14,Uva,Uva-Ridley,7.6,PAVA,25,20,10,,,,,,,,,,,,,,,,,,,,,,,,0,0,0,0,0,,
2014,8,08/24/14,Uva,Uva-Ridley,7.6,PAGI,23,20,5,,,,,,,,,,,,,,,,,,,,,,,,0,0,0,0,0,,
2014,8,08/24/14,Uva,Uva-Ridley,9.1,PAGI,30,27,5,,,2,,,,,,,,,,,,,,,,,,,,,0,0,2,0,0,,
2014,8,08/24/14,Uva,Uva-Ridley,8.8,PAGI,15,10,5,,,,,,,,,,,,,,,,,,,,,,,,0,0,0,0,0,,
2014,8,08/24/14,Uva,Uva-Ridley,8.2,PACL,45,32,40,,,5,,5,,,,,,,,,,,,,,,,,,Bites are parrot,0,0,5,0,0,,
2014,8,08/24/14,Uva,Uva-Ridley,8.5,PACL,40,37,32,,,,,5,,,,,,,,,,,,,,,,,,Bites are parrot,0,0,0,0,0,,
2014,8,08/24/14,Uva,Uva-Ridley,7.3,PACL,75,42,36,,,3,,1,,,,,,,,,,,,,,,,,,Bites are parrot,0,0,3,0,0,,
2014,8,08/24/14,Uva,Uva-Ridley,6.4,PACL,60,45,30,,,5,,15,,,,,,,,,,,,,,,,,,Bites are parrot,0,0,5,0,0,,
2015,8,08/16/15,Uva,Reef,2.5,GAPL,80,50,30,85,15,10,,,,,,,,4,TURF,,LOTS,,,,,,,,,2POCI INTERACTION,85,15,10,0,1,,1
2015,8,08/16/15,Uva,Reef,2.5,PAVA,95,90,35,50,30,60,,,,1,,,,10,FLCY,,,,,,,,,,,,50,30,60,0,1,1,1
2015,8,08/16/15,Uva,Reef,2.5,PODA,32,22,15,15,30,20,,,,,,,,4,CAUL,,,,,,,,,,,,15,30,20,0,1,,1
2015,8,08/16/15,Uva,Reef,2.5,GAPL,30,21,12,95,5,10,5,,,,,,,,,,,,,,,,,,,,95,5,10,5,1,,1
2015,8,08/16/15,Uva,Reef,2.5,PAVA,22,17,15,50,50,30,10,,,,,,,4,FLCY,,,,,,,,,,,,50,50,30,10,1,,1
2015,8,08/16/15,Uva,Reef,2.5,PODA,33,30,28,,90,40,4,,,,,,,2,FLCY,,,,,,,,,,,,0,90,40,4,0,,
2015,8,08/16/15,Uva,Reef,2.5,GAPL,35,35,14,20,50,50,,,,,,,,,,,,,,,,,,,,,20,50,50,0,1,1,1
2015,8,08/16/15,Uva,Reef,2.5,PAVA,28,21,10,35,40,15,5,,,,,,,2,FLCY,,,,,,,,,,,,35,40,15,5,1,,1
2015,8,08/16/15,Uva,Reef,2.5,PODA,32,30,14,10,90,10,,,,,,,,,,,,,,,,,,,,,10,90,10,0,1,,
2015,8,08/16/15,Uva,Reef,2.5,PSST,14,6,3,,50,10,,,,,,,,,,,,,,,,,,,,,0,50,10,0,0,,
2015,8,08/16/15,Uva,Reef,2.5,GAPL,34,28,30,50,50,,10,,,,,,,,,,,,,,,,,,,,50,50,0,10,1,,1
2015,8,08/16/15,Uva,Reef,2.5,POEL,30,22,17,,80,15,,,,,,,,4,FLCY,,,,,,,,,,,,0,80,15,0,0,,
2015,8,08/16/15,Uva,Reef,2.5,PAVA,30,15,19,30,70,20,5,,,,,,,,,,,,,,,,,,,,30,70,20,5,1,,1
2015,8,08/16/15,Uva,Reef,2.5,PODA,40,30,15,,80,10,,,,,,,,2,FLCY,,,,,,,,,,,,0,80,10,0,0,,
2015,8,08/16/15,Uva,Reef,2.5,GAPL,30,15,15,95,5,40,,,,,,,,6,FLCY,,,,,,,,,,,,95,5,40,0,1,,1
2015,8,08/16/15,Uva,Reef,2.5,PAVA,35,20,14,60,40,20,6,,,,,,,,,,,,,,,,,,,,60,40,20,6,1,,1
2015,8,08/16/15,Uva,Reef,2.5,POEL,28,22,14,10,70,10,,,,,,,,2,FLCY,,,,,,,,,,,,10,70,10,0,1,,
2015,8,08/16/15,Uva,Reef,2.5,GAPL,72,65,26,85,15,30,5,,,,,,,2,FLCY,,,,,,,,,,,,85,15,30,5,1,,1
2015,8,08/16/15,Uva,Reef,2.5,PAVA,41,32,27,30,50,10,,,,,,,,2,FLCY,,,,,,,,,,,,30,50,10,0,1,,1
2015,8,08/16/15,Uva,Reef,2.5,GAPL,142,87,50,80,20,15,5,,,,,,,,,,,,,,,,,,,,80,20,15,5,1,,1
2015,8,08/16/15,Uva,Reef,2.5,PODA,60,35,15,,80,10,,,,,,,,,,,,,,,,,,,,,0,80,10,0,0,,
2015,8,08/16/15,Uva,Reef,2.5,POPA,6,5,3,90,10,,,,,,,,,,,,,,,,,,,,,,90,10,0,0,1,,1
2015,8,08/16/15,Uva,Reef,2.5,PODA,35,30,16,10,30,15,,,,,,,,4,FLCY,,,,,,,,,,,,10,30,15,0,1,,
2015,8,08/16/15,Uva,Reef,2.5,PAVA,22,14,14,50,20,15,5,,,,,,,,,,,,,,,,,,,,50,20,15,5,1,,1
2015,8,08/16/15,Uva,Reef,2.5,PAGI,14,11,11,75,25,10,,,,,,,,6,FLCY,,,,,,,,,,,,75,25,10,0,1,,1
2015,8,08/16/15,Uva,Reef,2.5,POEL,28,25,15,10,30,5,,,,,,,,2,FLCY,,,,,,,,,,,,10,30,5,0,1,,
2015,8,08/16/15,Uva,Reef,2.5,PSST,14,11,10,90,10,65,,,,,,,,2,FLCY,,,,,,,,,,,,90,10,65,0,1,1,1
2015,8,08/16/15,Uva,Reef,2.5,PODA,44,26,17,15,,15,,,,,,,,2,FLCY,,,,,,,,,,,,15,0,15,0,1,,1
2015,8,08/16/15,Uva,Reef,2.5,PAVA,21,19,14,50,50,10,2,,,,,,,,,,,,,,,,,,,,50,50,10,2,1,,1
2015,8,08/16/15,Uva,Reef,2.5,PACL,200,115,65,55,40,35,,,,,,,,2,FLCY,,,,,,,,,,,,55,40,35,0,1,,1
2015,8,08/16/15,Uva,Reef,2.5,POEL,21,17,14,,60,10,,,,,,,,,,,,,,,,,,,,,0,60,10,0,0,,
2015,8,08/16/15,Uva,Reef,2.5,PODA,23,16,14,,10,5,,,,,,,,,,,,,,,,,,,,,0,10,5,0,0,,
2015,8,08/16/15,Uva,Reef,2.5,PACL,60,36,27,90,25,15,5,,,,,,,2,FLCY,,,,,,,,,,,,90,25,15,5,1,,1
2015,8,08/16/15,Uva,Reef,2.5,POEL,45,15,20,20,30,10,,,,,,,,2,FLCY,,,,,,,,,,,,20,30,10,0,1,,1
2015,8,08/16/15,Uva,Reef,2.5,POEL,47,32,19,20,30,20,,,,,,,,,,,,,,,,,,,,,20,30,20,0,1,,1
2015,8,08/16/15,Uva,Reef,2.5,PSST,10,7,6,50,20,40,,,,,,,,,,,,,,,,,,,,,50,20,40,0,1,,1
2015,8,08/16/15,Uva,Reef,2.5,POEL,72,70,33,10,40,15,,,,,,,,,,,,,,,,,,,,,10,40,15,0,1,,
2015,8,08/16/15,Uva,Reef,2.5,GAPL,40,23,32,,70,30,,,,,,,,,,,,,,,,,,,,,0,70,30,0,0,,
2015,8,08/16/15,Uva,Reef,2.5,POEL,45,40,16,,40,15,,,,1,,,,2,FLCY,,,,,,,,,,,,0,40,15,0,0,,
2015,8,08/16/15,Uva,Reef,2.5,PAGI,14,11,10,30,70,5,,,,,,,,,,,,,,,,,,,,,30,70,5,0,1,,1
2015,8,08/16/15,Uva,Reef,2.5,POEL,30,28,14,30,70,10,,,,,,,,2,FLCY,,,,,,,,,,,,30,70,10,0,1,,1
2015,8,08/16/15,Uva,Reef,2.5,PAVA,45,37,14,55,45,40,5,,,,,,,,,,,,,,,,,,,,55,45,40,5,1,,1
2015,8,08/16/15,Uva,Reef,2.5,PODA,30,28,15,10,30,5,,,,,,,,,,,,,,,,,,,,,10,30,5,0,1,,
2015,8,08/16/15,Uva,Reef,2.5,PSST,10,5,3,25,75,10,,,,,,,,2,FLCY,,,,,,,,,,,,25,75,10,0,1,,1
2015,8,08/16/15,Uva,Reef,2.5,PAVA,75,30,17,60,40,45,8,,,,,,,2,FLCY,,,,,,,,,,,,60,40,45,8,1,1,1
2015,8,08/16/15,Uva,Reef,2.5,PODA,15,15,10,10,90,,,,,,,,,,,,,,,,,,,,,,10,90,0,0,1,,
2015,8,08/16/15,Uva,Reef,2.5,PAVA,57,49,30,70,30,20,12,,,,,,,2,FLCY,,,,,,,,,,,,70,30,20,12,1,,1
2015,8,08/16/15,Uva,Reef,2.5,PSST,10,7,7,,80,5,,,,,,,,,,,,,,,,,,,,,0,80,5,0,0,,
2015,8,08/16/15,Uva,Reef,2.5,PODA,20,20,10,10,90,,,,,,,,,,,,,,,,,,,,,,10,90,0,0,1,,
2015,8,08/16/15,Uva,Reef,2.5,POEL,35,30,18,,90,5,,,,,,,,4,DICT,,,,,,,,,,,,0,90,5,0,0,,
2015,8,08/16/15,Uva,Reef,2.5,PODA,28,25,12,10,40,5,,,,,,,,,,,,,,,,,,,,,10,40,5,0,1,,
2015,8,08/16/15,Uva,Reef,2.5,GAPL,52,27,24,30,30,25,5,,,,,,,,,,,,,,,,,,,,30,30,25,5,1,,1
2015,8,08/16/15,Uva,Reef,2.5,PAVA,30,24,17,50,50,35,5,,,,,,,10,TURF,,,,,,,,,,,,50,50,35,5,1,,1
2015,8,08/16/15,Uva,Reef,2.5,PAVA,45,30,15,80,20,40,10,,,1,,,,,,,,,,,,,,,,,80,20,40,10,1,1,1
2015,8,08/16/15,Uva,Reef,2.5,PODA,19,14,8,,80,5,,,,,,,,2,FLCY,,,,,,,,,,,,0,80,5,0,0,,
2015,8,08/16/15,Uva,Reef,2.5,PODA,28,20,10,,90,15,,,,,,,,2,FLCY,,,,,,,,,,,,0,90,15,0,0,,
2015,8,08/16/15,Uva,Reef,2.5,PAVA,30,22,15,50,50,15,5,,,,,,,,,,,,,,,,,,,,50,50,15,5,1,,1
2015,8,08/16/15,Uva,Reef,2.5,PODA,55,42,12,30,70,10,,,,,,,,,,,,,,,,,,,,,30,70,10,0,1,,1
2015,8,08/16/15,Uva,Reef,2.5,POEL,25,19,11,,80,5,,,,,,,,,,,,,,,,,,,,,0,80,5,0,0,,
2015,8,08/16/15,Uva,Reef,2.5,POEL,26,22,17,,60,10,,,,,,,,,,,,,,,,,,,,,0,60,10,0,0,,
2015,8,08/16/15,Uva,Reef,2.5,GAPL,80,75,35,,40,20,,,,,,,,2,FLCY,,,,,,,,,,,,0,40,20,0,0,,
2015,8,08/16/15,Uva,Reef,2.5,POPA,7,5,4,50,50,5,,,,,,,,8,FLCY,,,,,,,,,,,,50,50,5,0,1,,1
2015,8,08/16/15,Uva,Reef,2.5,POPA,5,4,4,,100,5,,,,,,,,6,FLCY,,,,,,,,,,,,0,100,5,0,0,,
2015,8,08/16/15,Uva,Reef,2.5,PODA,26,25,18,,50,5,,,,,,,,2,FLCY,,,,,,,,,,,,0,50,5,0,0,,
2015,8,08/16/15,Uva,Reef,2.5,POEL,37,32,25,,10,10,,,,,,,,,,,,,,,,,,,,,0,10,10,0,0,,
2015,8,08/16/15,Uva,Reef,2.5,POPA,7,5,4,,100,,,,,,,,,,,,,,,,,,,,,,0,100,0,0,0,,
2015,8,08/16/15,Uva,Reef,2.5,POPA,8,6,7,10,90,5,,,,,,,,,,,,,,,,,,,,,10,90,5,0,1,,
2015,8,08/16/15,Uva,Reef,2.5,GAPL,18,15,12,10,50,15,,,,,,,,,,,,,,,,,,,,,10,50,15,0,1,,
2015,8,08/16/15,Uva,Reef,2.5,PODA,22,19,8,,100,5,,,,,,,,4,DICT,,,,,,,,,,,,0,100,5,0,0,,
2015,8,08/16/15,Uva,Reef,2.5,PAVA,30,22,16,30,20,15,,,,,,,,,,,,,,,,,,,,,30,20,15,0,1,,1
2015,8,08/16/15,Uva,Reef,2.5,PAGI,21,15,7,40,60,10,,,,,,,,,,,,,,,,,,,,,40,60,10,0,1,,1
2015,8,08/16/15,Uva,Reef,2.5,PSST,5,4,3,,50,10,,,,,,,,,,,,,,,,,,,,,0,50,10,0,0,,
2015,8,08/16/15,Uva,Reef,2.5,PAVA,20,15,14,20,60,20,,,,,,,,,,,,,,,,,,,,,20,60,20,0,1,,1
2015,8,08/16/15,Uva,Reef,2.5,POPA,7,4,3,,100,5,,,,,,,,,,,,,,,,,,,,,0,100,5,0,0,,
2015,8,08/16/15,Uva,Reef,2.5,PACL,55,44,27,30,50,20,,,,,,,,4,DICT,,,,,,,,,,,,30,50,20,0,1,,1
2015,8,08/16/15,Uva,Reef,2.5,PAVA,50,42,20,70,20,10,5,,,,,,,2,DICT,,,,,,,,,,,,70,20,10,5,1,,1
2015,8,08/16/15,Uva,Reef,2.5,POPA,14,14,15,30,40,60,,,,,,,,4,DICT,,,,,,,,,,,,30,40,60,0,1,1,1
2015,8,08/16/15,Uva,Reef,2.5,PODA,22,21,14,95,5,5,,,,,,,,4,FLCY,,,,,,,,,,,,95,5,5,0,1,,1
2015,8,08/16/15,Uva,Reef,8.8,GAPL,90,65,52,4,10,8,,,,,,,,,,,,,,,,,,,,,4,10,8,0,1,,
2015,8,08/16/15,Uva,Reef,8.5,PAVA,19,14,16,38,10,30,,,,,,,,,,,,,,,,,,,,,38,10,30,0,1,,1
2015,8,08/16/15,Uva,Reef,8.2,GAPL,33,30,8,20,40,60,,,,,,,,,,,,,,,,,,,,,20,40,60,0,1,1,1
2015,8,08/16/15,Uva,Reef,8.2,PAVA,22,14,6,70,,65,4,,,,,,,,,,,,,,,,,,,,70,0,65,4,1,1,1
2015,8,08/16/15,Uva,Reef,8.8,POPA,11,10,5,,25,15,4,10,,,,,,,,,,,,,,,,,,,0,25,15,4,0,,
2015,8,08/16/15,Uva,Reef,4,PAGI,22,20,18,20,50,16,,,,,,,,,,,,,,,,,,,,,20,50,16,0,1,,1
2015,8,08/16/15,Uva,Reef,3.4,POLO,17,10,8,85,15,15,3,,,1,SACAP,,,8,FIL,,,,,,,,,,,,85,15,15,3,1,,1
2015,8,08/16/15,Uva,Reef,3.7,POLO,14,10,9,100,,,10,,,,,,,15,FIL,,,,,,,,,,,,100,0,0,10,1,,1
2015,8,08/16/15,Uva,Reef,9.8,PODA,32,25,12,,,10,,,,,,,,,,,,,,,,,,,,,0,0,10,0,0,,
2015,8,08/16/15,Uva,Reef,9.8,POEL,26,20,18,,,5,,,,,,,,,,,,,,,,,,,,,0,0,5,0,0,,
2015,8,08/16/15,Uva,Reef,9.8,PODA,8,5,5,,,,,,,,,,,,,,,,,,,,,,,,0,0,0,0,0,,
2015,8,08/16/15,Uva,Reef,9.8,PODA,13,12,10,,,55,,,,,,,,,,,,,,,,,,,,,0,0,55,0,0,1,
2015,8,08/16/15,Uva,Reef,9.8,PODA,23,15,18,50,50,20,,,,,,,,,,,,,,,,,,,,,50,50,20,0,1,,1
2015,8,08/16/15,Uva,Reef,9.8,PODA,19,18,7,,,55,,,,,,,,,,,,,,,,,,,,,0,0,55,0,0,1,
2015,8,08/16/15,Uva,Reef,9.8,PODA,16,14,10,,20,40,,,,,,,,,,,,,,,,,,,,,0,20,40,0,0,,
2015,8,08/16/15,Uva,Reef,3,PACL,110,50,55,50,50,20,,,,,,,,,,,,,,,,,,,,,50,50,20,0,1,,1
2015,8,08/16/15,Uva,Reef,3,PAGI,12,10,5,,75,,,,,,,,,,,,,,,,,,,,,,0,75,0,0,0,,
2015,8,08/16/15,Uva,Reef,3,GAPL,105,75,100,100,,75,,,,,,,,,,,,,,,,,,,,,100,0,75,0,1,1,1
2015,8,08/16/15,Uva,Reef,3,POLO,19,12,15,,50,,,,,,,,,,,,,,,,,,,,,,0,50,0,0,0,,
2015,8,08/16/15,Uva,Reef,3,PACL,25,17,15,100,,,50,,,,,,,,,,,,,,,,,,,,100,0,0,50,1,1,1
2015,8,08/16/15,Uva,Reef,3,POLO,20,15,12,,25,,,,,,,,,,,,,,,,,,,,,,0,25,0,0,0,,
2015,8,08/17/15,Uva,Reef,2.5,PODA,22,16,6,95,5,10,,,,,,,,6,FLCY,,,,,,,,,,,,95,5,10,0,1,,1
2015,8,08/17/15,Uva,Reef,2.5,PODA,21,14,8,,60,5,,,,,,,,4,FLCY,,,,,,,,,,,,0,60,5,0,0,,
2015,8,08/17/15,Uva,Reef,2.5,PAVA,25,22,27,80,10,35,15,,,,,,,6,FLCY,,,,,,,,,,,,80,10,35,15,1,1,1
2015,8,08/17/15,Uva,Reef,2.5,PAVA,14,12,12,90,10,30,30,,,,,,,6,FLCY,,,,,,,,,,,,90,10,30,30,1,1,1
2015,8,08/17/15,Uva,Reef,2.5,PAVA,22,19,11,95,5,25,15,,,,,,,4,FLCY,,,,,,,,,,,,95,5,25,15,1,,1
2015,8,08/17/15,Uva,Reef,2.5,POLO,25,22,15,20,80,10,,,,,,,,4,FLCY,,,,,,,,,,,,20,80,10,0,1,,1
2015,8,08/17/15,Uva,Reef,2.5,PACL,15,14,11,80,20,10,5,,,,,,,4,FLCY,,,,,,,,,,,,80,20,10,5,1,,1
2015,8,08/17/15,Uva,Reef,2.5,POLO,25,21,14,20,80,25,10,3,,,,,,6,FLCY,,,,,,,,,,,,20,80,25,10,1,,1
2015,8,08/17/15,Uva,Reef,2.5,POLO,25,22,16,10,50,15,4,LOTS,,,,,,4,FLCY,,,,,,,,,,,,10,50,15,4,1,,
2015,8,08/17/15,Uva,Reef,2.5,POLO,52,34,16,,60,45,,LOTS,,,,,,6,FLCY,,,,,,,,,,,,0,60,45,0,0,,
2015,8,08/17/15,Uva,Reef,2.5,POEL,36,29,14,,20,10,,,,,,,,4,FLCY,,,,,,,,,,,,0,20,10,0,0,,
2015,8,08/17/15,Uva,Reef,2.5,POEL,32,21,16,,40,10,,,,,,,,6,FLCY,,,,,,,,,,,,0,40,10,0,0,,
2015,8,08/17/15,Uva,Reef,2.5,POLO,29,20,15,10,40,45,5,,,,,,,2,FLCY,,,,,,,,,,,,10,40,45,5,1,1,
2015,8,08/17/15,Uva,Reef,2.5,POLO,20,17,14,,30,15,,,,,,,,8,FLCY,,,,,,,,,,,,0,30,15,0,0,,
2015,8,08/17/15,Uva,Reef,2.5,POLO,22,19,1,,20,10,5,,,,,,,4,FLCY,,,,,,,,,,,,0,20,10,5,0,,
2015,8,08/17/15,Uva,Reef,2.5,PACL,20,11,,60,40,30,,,,,,,,6,FLCY,,,,,,,,,,,,60,40,30,0,1,,1
2015,8,08/17/15,Uva,Reef,2.5,PACL,80,50,17,10,30,75,5,,,,,,,8,FLCY,,,,,,,,,,,,10,30,75,5,1,1,
2015,8,08/17/15,Uva,Reef,2.5,POLO,28,19,14,,30,20,,LOTS,,,,,,4,FLCY,,,,,,,,,,,,0,30,20,0,0,,
2015,8,08/17/15,Uva,Reef,2.5,PACL,43,29,14,10,40,75,5,,,,,,,8,FLCY,,,,,,,,,,,,10,40,75,5,1,1,
2015,8,08/17/15,Uva,Reef,2.5,PACL,30,27,12,60,20,60,5,,,,,,,9,FLCY,,,,,,,,,,,,60,20,60,5,1,1,1
2015,8,08/17/15,Uva,Reef,2.5,POLO,50,45,16,,10,25,,,,,,,,4,FLCY,,,,,,,,,,,,0,10,25,0,0,,
2015,8,08/17/15,Uva,Reef,2.5,PACL,22,19,17,40,60,50,,,,,,,,10,FLCY,,,,,,,,,,,,40,60,50,0,1,1,1
2015,8,08/17/15,Uva,Reef,2.5,PACL,54,43,14,20,30,60,5,,,,,,,4,FLCY,,,,,,,,,,,,20,30,60,5,1,1,1
2015,8,08/17/15,Uva,Reef,2.5,PACL,30,26,12,30,40,50,5,,,,,,,6,FLCY,,,,,,,,,,,,30,40,50,5,1,1,1
2015,8,08/17/15,Uva,Reef,2.5,POLO,25,18,14,,40,10,,,,,,,,4,FLCY,,,,,,,,,,,,0,40,10,0,0,,
2015,8,08/17/15,Uva,Reef,2.5,PACL,60,26,16,60,20,60,5,,,,,,,4,FLCY,,,,,,,,,,,,60,20,60,5,1,1,1
2015,8,08/17/15,Uva,Reef,2.5,PACL,30,22,16,80,20,50,5,,,,,,,2,FLCY,,,,,,,,,,,,80,20,50,5,1,1,1
2015,8,08/17/15,Uva,Reef,2.5,POLO,26,23,15,,60,15,5,,,,,,,4,FLCY,,,,,,,,,,,,0,60,15,5,0,,
2015,8,08/17/15,Uva,Reef,2.5,GAPL,29,27,10,100,,75,5,,,,,,,8,FLCY,,,,,,,,,,,,100,0,75,5,1,1,1
2015,8,08/17/15,Uva,Reef,2.5,POEL,21,17,14,60,20,10,,,,,,,,6,FLCY,,,,,,,,,,,,60,20,10,0,1,,1
2015,8,08/17/15,Uva,Reef,2.5,PACL,28,27,16,50,20,45,5,,,1,,,,2,FLCY,,,,,,,,,,,,50,20,45,5,1,1,1
2015,8,08/17/15,Uva,Reef,2.5,POEL,32,17,17,,20,10,,,,,,,,,,,,,,,,,,,,,0,20,10,0,0,,
2015,8,08/17/15,Uva,Reef,2.5,POLO,14,12,8,10,40,5,,,,,,,,2,FLCY,,,,,,,,,,,,10,40,5,0,1,,
2015,8,08/17/15,Uva,Reef,2.5,PACL,90,70,57,,60,25,5,,,,,,,4,FLCY,,,,,,,,,,,,0,60,25,5,0,,
2015,8,08/17/15,Uva,Reef,2.5,PACL,19,15,15,80,20,10,5,,,,,,,2,FLCY,,,,,,,,,,,,80,20,10,5,1,,1
2015,8,08/17/15,Uva,Reef,2.5,PAGI,20,17,15,10,60,20,5,,,,,,,4,FLCY,,,,,,,,,,,,10,60,20,5,1,,
2015,8,08/17/15,Uva,Reef,2.5,PACL,60,50,55,50,30,10,5,,,,,,,,,,,,,,,,,,,,50,30,10,5,1,,1
2015,8,08/17/15,Uva,Reef,2.5,PACL,62,30,42,60,30,25,5,,,,,,,4,FLCY,,,,,,,,,,,,60,30,25,5,1,,1
2015,8,08/17/15,Uva,Reef,2.5,PACL,60,30,30,80,20,15,5,,,,,,,2,FLCY,,,,,,,,,,,,80,20,15,5,1,,1
2015,8,08/17/15,Uva,Reef,2.5,PACL,75,42,30,70,30,30,15,,,,,,,6,FLCY,,,,,,,,,,,,70,30,30,15,1,,1
2015,8,08/17/15,Uva,Reef,9.8,PODA,20,1,6,,,4,,,,,,,,,,,,,,,,,,,,,0,0,4,0,0,,
2015,8,08/17/15,Uva,Reef,9.4,PAVA,3,2,2,,30,10,,,,,,,,5,FIL,,,,,,,,,,,,0,30,10,0,0,,
2015,8,08/17/15,Uva,Reef,9.4,PACH,36,25,7,,,50,,,,,,,,5,FIL,,,,,,,,,,,20CLIONA?,0,0,50,0,0,1,
2015,8,08/17/15,Uva,Reef,8.2,PODA,38,32,20,,,,,,,,,,,,,,,,,,,,,,,,0,0,0,0,0,,
2015,8,08/17/15,Uva,Reef,8.5,POEL,115,60,30,,,15,,,,,,,,3,FIL,,,,,,,,,,,,0,0,15,0,0,,
2015,8,08/17/15,Uva,Reef,8.2,POEL,58,23,22,6,5,13,5,,,,,,,,,,,,,,,,,,,5BLKSPO,6,5,13,5,1,,
2015,8,08/17/15,Uva,Reef,7.6,POLO,34,18,14,16,70,20,,,,,,10,4,,,,,,,,,,,,,,16,70,20,0,1,,1
2015,8,08/17/15,Uva,Reef,7.9,PAGI,17,5,8,,,,,3,,,,,,,,,,,,,,,,,,,0,0,0,0,0,,
2015,8,08/17/15,Uva,Reef,7.6,POLO,6,5,4,,40,20,,,,,,10,,,,,,,,,,,,,,,0,40,20,0,0,,
2015,8,08/17/15,Uva,Reef,7,POEL,90,45,20,5,15,65,,,,,,,,5,FIL,,,,,,,,,,,PALING FROM NET,5,15,65,0,1,1,
2015,8,08/17/15,Uva,Reef,7,POLO,62,57,28,,10,,,,,,,2,,,,,,,,,,,,,,,0,10,0,0,0,,
2015,8,08/17/15,Uva,Reef,7,MIIN,50,28,25,95,5,20,,,,,,,,,,,,,,,,,,,,BREAKAGE,95,5,20,0,1,,1
2015,8,08/17/15,Uva,Reef,8.5,PACL,67,44,52,10,60,55,,,,,,,,,,,,,,,,,,,,6HYDRO,10,60,55,0,1,1,
2015,8,08/17/15,Uva,Reef,8.2,PODA,30,27,6,5,45,10,,,,,,,,,,,,,,,,,,,,,5,45,10,0,1,,
2015,8,08/17/15,Uva,Reef,8.5,POLO,44,29,15,5,80,5,,,,,,,,,,,,,,,,,,,,,5,80,5,0,1,,
2015,8,08/17/15,Uva,Reef,7.9,POEL,32,30,16,20,60,5,,,,,,,,,,,,,,,,,,,,6BLKSPO,20,60,5,0,1,,1
2015,8,08/17/15,Uva,Reef,7.6,PODA,59,31,16,,50,10,,,,,,,,,,,,,,,,,,,,,0,50,10,0,0,,
2015,8,08/17/15,Uva,Reef,8.2,POEL,30,27,14,50,40,5,5,,,,,,,,,,,,,,,,,,,,50,40,5,5,1,,1
2015,8,08/17/15,Uva,Reef,8.5,PAGI,26,12,5,5,30,40,,,,,,,,,,,,,,,,,,,,8SED,5,30,40,0,1,,
2015,8,08/17/15,Uva,Reef,8.2,PODA,24,17,14,,50,15,,,,,,,,6,FIL,,,,,,,,,,,,0,50,15,0,0,,
2015,8,08/17/15,Uva,Reef,7.6,POEL,44,33,15,10,40,5,,,,,,,,,,,,,,,,,,,,4BLKSPO,10,40,5,0,1,,
2015,8,08/17/15,Uva,Reef,7,POLO,45,32,14,,35,30,,,,,,,,,,,,,,,,,,,,,0,35,30,0,0,,
2015,8,08/17/15,Uva,Reef,7.3,PACL,67,60,27,20,60,25,,,,,,,,,,,,,,,,,,,,4SED,20,60,25,0,1,,1
2015,8,08/17/15,Uva,Reef,7.3,POEL,45,45,19,5,55,5,,,,,,,,6,FIL,,,,,,,,,,,,5,55,5,0,1,,
2015,8,08/17/15,Uva,Reef,8.2,MIIN,84,60,29,95,5,10,60,,,,,,,,,20,,,,,,,,,,,95,5,10,60,1,1,1
2015,8,08/17/15,Uva,Reef,7.9,PAGI,27,15,14,20,60,30,,,,,,,,,,,,,,,,,,,,,20,60,30,0,1,,1
2015,8,08/17/15,Uva,Reef,8.5,PODA,46,50,29,60,30,30,10,,,,,,,8,FIL,8,,,,,,,,,,,60,30,30,10,1,,1
2015,8,08/17/15,Uva,Reef,6.7,POEL,25,19,14,40,30,5,,,,,,,,,,,,,,,,,,,,4HYDRO,40,30,5,0,1,,1
2015,8,08/17/15,Uva,Reef,2.7,PAGI,14,12,9,,90,5,,,,,,,,,,,,,,,,,,,,,0,90,5,0,0,,
2015,8,08/17/15,Uva,Reef,1.8,GAPL,44,29,26,60,30,20,5,,,,,,,4,FIL,,,,,,,,,,,,60,30,20,5,1,,1
2015,8,08/17/15,Uva,Reef,1.8,PAGI,12,10,8,30,60,5,,,,,,,,,,4,,,,,,,,,,,30,60,5,0,1,,1
2015,8,08/17/15,Uva,Reef,2.1,PAGI,15,11,5,30,60,20,,6,,,,,,,,,,,,,,,,,,,30,60,20,0,1,,1
2015,8,08/17/15,Uva,Reef,2.1,PAGI,9,7,5,30,40,5,,,,,,,,,,,,,,,,,,,,,30,40,5,0,1,,1
2015,8,08/17/15,Uva,Reef,4.3,GAPL,47,44,21,20,40,15,15,,,,,,,,,,,,,,,,,,,,20,40,15,15,1,,1
2015,8,08/17/15,Uva,Reef,3.7,GAPL,105,62,44,30,60,15,15,,,,,,,,,8,,,,,,,,,,,30,60,15,15,1,,1
2015,8,08/17/15,Uva,Reef,3.7,GAPL,43,36,36,50,40,10,15,,,,,,,,,4,,,,,,,,,,,50,40,10,15,1,,1
2015,8,08/17/15,Uva,Reef,4.6,GAPL,73,51,31,20,40,5,10,,,,,,,,,,,,,,,,,,,4SED,20,40,5,10,1,,1
2015,8,08/17/15,Uva,Reef,3.7,PAGI,22,16,12,10,50,20,5,,,,,,,,,,,,,,,,,,,,10,50,20,5,1,,
2015,8,08/17/15,Uva,Reef,3.7,PAGI,22,14,16,20,40,10,5,,,,,,,,,,,,,,,,,,,,20,40,10,5,1,,1
2015,8,08/18/15,Uva,Reef,4.3,POEL,61,52,26,,30,5,,,,,,,,,,,,,,,,,,,,,0,30,5,0,0,,
2015,8,08/18/15,Uva,Reef,4,POEL,60,59,30,5,40,10,,,,,,,,,,,,,,,,,,,,,5,40,10,0,1,,
2015,8,08/18/15,Uva,Reef,6.1,POPA,16,12,4,10,70,10,,,,,,,,,,,7,,,,,,,,,,10,70,10,0,1,,
2015,8,08/18/15,Uva,Reef,5.2,PODA,22,16,10,,10,5,,,,,,,,5,FIL,,,,,,,,,,,,0,10,5,0,0,,
2015,8,08/18/15,Uva,Reef,6.1,POLO,21,19,25,,30,25,,,,,,,,,,,10,,,,,,,,,,0,30,25,0,0,,
2015,8,08/18/15,Uva,Reef,5.8,PAGI,16,14,15,5,20,10,,,,,,,,4,FIL,,,,,,,,,,,,5,20,10,0,1,,
2015,8,08/18/15,Uva,Reef,5.5,PACL,36,20,26,30,40,15,,,,,,,,,,,6,,,,,,,,,,30,40,15,0,1,,1
2015,8,08/18/15,Uva,Reef,3.7,PODA,45,25,9,30,30,10,,,,,,,,6,FLCY,,,,,,,,,,,,30,30,10,0,1,,1
2015,8,08/18/15,Uva,Reef,4,POEL,37,36,25,,20,5,,,,,,,,4,FLCY,,,,,,,,,,,4BLKSPO,0,20,5,0,0,,
2015,8,08/18/15,Uva,Reef,3,POLO,115,112,90,95,5,50,10,,,,,,5,6,FLCY,,10,,,,,,,,,,95,5,50,10,1,1,1
2015,8,08/18/15,Uva,Reef,5.2,PODA,45,33,16,,40,15,5,,,,,,,2,FIL,,,,,,,,,,,,0,40,15,5,0,,
2015,8,08/18/15,Uva,Reef,5.8,PODA,33,28,14,95,5,5,5,,,,,,,,,,,,,,,,,,,,95,5,5,5,1,,1
2015,8,08/18/15,Uva,Reef,7.9,PODA,18,12,7,,,87,,,,,,,,5,FIL,,,,,,,,,,,,0,0,87,0,0,1,
2015,8,08/18/15,Uva,Reef,8.2,POPA,3,2,2,90,10,,,,,,,,,10,FIL,,,,,,,,,,,,90,10,0,0,1,,1
2015,8,08/18/15,Uva,Reef,8.2,POEL,130,85,60,2,15,15,2,,2,,,,,6,FIL,3,,,,,,,,,,"4BLKSPO; MORT=HERMIT PRED, PTEROCHIRUS??",2,15,15,2,1,,
2015,8,08/18/15,Uva,Reef,6.7,PODA,5,4,3,,,,,,,,,,,4,FIL,,,,,,,,,,,,0,0,0,0,0,,
2015,8,08/18/15,Uva,Reef,8.2,POPA,5,3.5,1,90,10,,,,,,,,,6,FIL,,,,,,,,,,,,90,10,0,0,1,,1
2015,8,08/18/15,Uva,Reef,8.8,PAGI,7,5,5,40,10,25,,,,,,,,,,,,,,,,,,,,LIMPET,40,10,25,0,1,,1
2015,8,08/18/15,Uva,Reef,7.9,POEL,65,60,20,,3,20,,,,,,,,,,,,,,,,,,,,4BLKSPO,0,3,20,0,0,,
2015,8,08/18/15,Uva,Reef,7.6,PACH,19,10,12,60,30,65,,,,,,,,,,15,,,,,,,,,,,60,30,65,0,1,1,1
2015,8,08/18/15,Uva,Reef,7.6,POEL,65,60,28,,,20,5,,5,1,SFLAV,,,,,,,,,,,,,,,MORT=PRED,0,0,20,5,0,,
2015,8,08/18/15,Uva,Reef,7.6,POEL,67,62,22,10,25,12,,,,1,SFLAV,,,,,,,,,,,,,,,,10,25,12,0,1,,
2015,8,08/18/15,Uva,Reef,4,POEL,34,33,16,,40,5,,,,,,,,,,,,,,,,,,,,,0,40,5,0,0,,
2015,8,08/18/15,Uva,Reef,3,POLO,55,32,41,10,60,50,,10,,,,,2,,,6,8,,,,,,,,,,10,60,50,0,1,1,
2015,8,08/18/15,Uva,Reef,4.3,POLO,45,32,48,5,70,60,,,,,,,2,4,FIL,,10,,,,,,,,,,5,70,60,0,1,1,
2015,8,08/18/15,Uva,Reef,5.2,POLO,30,22,22,10,80,30,,,,,,,4,,,,4,,,,,,,,,,10,80,30,0,1,,
2015,8,08/18/15,Uva,Reef,4.6,POLO,17,14,5,,10,10,,6,,,,,,6,FIL,,,,,,,,,,,,0,10,10,0,0,,
2015,8,08/18/15,Uva,Reef,5.2,PAGI,30,30,28,10,60,25,,,,,,,,,,6,,,,,,,,,,2HYDRO,10,60,25,0,1,,
2015,8,08/18/15,Uva,Reef,5.5,PACL,34,27,7,60,20,10,,,,,,,,,,2,,,,,,,,,,2HYDRO,60,20,10,0,1,,1
2015,8,08/18/15,Uva,Reef,4.9,POLO,20,17,14,10,80,20,,LOTS,,,,,,6,FIL,,,2,,,,,,,,,10,80,20,0,1,,
2015,8,08/18/15,Uva,Reef,5.2,POEL,60,40,17,20,75,5,,,,,,,,,,,,,,,,,,,,,20,75,5,0,1,,1
2015,8,08/18/15,Uva,Reef,4.9,PAGI,47,14,16,40,30,5,,,,,,,,,,,6,,,,,,,,,,40,30,5,0,1,,1
2015,8,08/18/15,Uva,Reef,4.9,POLO,52,33,32,5,20,15,,,,,,,4,,,,LOTS,,,,,,,,,,5,20,15,0,1,,
2015,8,08/18/15,Uva,Reef,4,POEL,30,25,12,,10,5,,,,,,,,6,FIL,6,,,,,,,,,,,0,10,5,0,0,,
2015,8,08/18/15,Uva,Reef,5.2,PAVA,11,11,3,5,10,,,,,,,,,,,,,,,,,,,,,,5,10,0,0,1,,
2015,8,08/18/15,Uva,Reef,4.6,POPA,14,6,3,80,20,,,,,,,,,4,FIL,,,,,,,,,,,,80,20,0,0,1,,1
2015,8,08/18/15,Uva,Reef,4.3,PACL,80,60,75,30,60,25,,,,,,,,4,FIL,,,,,,,,,,,,30,60,25,0,1,,1
2015,8,08/18/15,Uva,Reef,4.9,POPA,14,6,3,20,60,30,,,,,,,,6,FIL,,,,,,,,,,,,20,60,30,0,1,,1
2015,8,08/18/15,Uva,Reef,4.6,PODA,44,27,16,70,10,10,5,,,,,,,8,FIL,,,,,,,,,,,,70,10,10,5,1,,1
2015,8,08/18/15,Uva,Reef,4.6,POLO,32,31,10,40,60,15,5,,,,,,8,,,,LOTS,,,,,,,,,,40,60,15,5,1,,1
2015,8,08/18/15,Uva,Reef,4.9,POPA,14,12,4,,90,10,,,,,,,,,,,,2,,,,,,,,,0,90,10,0,0,,
2015,8,08/18/15,Uva,Reef,4.9,POEL,58,51,28,,40,10,,,,,,,,,,,,,,,,,,,,,0,40,10,0,0,,
2015,8,08/18/15,Uva,Reef,4,POLO,48,36,7,90,10,5,,,,,,,6,,,,6,1,,,,,,,,,90,10,5,0,1,,1
2015,8,08/18/15,Uva,Reef,4.9,POLO,73,70,34,,75,25,,4,,,,,,,,,8,,,,,,,,,,0,75,25,0,0,,
2015,8,08/18/15,Uva,Reef,4.6,PAGI,33,24,41,5,80,65,,,,,,,,,,4,4,,,,,,,,,,5,80,65,0,1,1,
2015,8,08/18/15,Uva,Reef,4.9,PACL,88,53,44,40,50,45,,,,,,,,4,FIL,,8,,,,,,,,,,40,50,45,0,1,,1
2015,8,08/18/15,Uva,Reef,5.2,POPA,7,6,4,,100,10,,,,,,,,,,8,,,,,,,,,,2HYDRO,0,100,10,0,0,,
2015,8,08/18/15,Uva,Reef,5.5,POLO,78,60,33,,40,10,,6,,,,,,,,,6,,,,,,,,,,0,40,10,0,0,,
2015,8,08/18/15,Uva,Reef,5.2,POEL,40,38,19,,40,,,,,,,,,,,,,,,,,,,,,,0,40,0,0,0,,
2015,8,08/18/15,Uva,Reef,5.5,PODA,36,35,25,,20,,,,,,,,,,,,,,,,,,,,,,0,20,0,0,0,,
2015,8,08/18/15,Uva,Reef,5.8,PAVA,25,16,5,10,40,15,,,,,,,,4,FIL,2,,,,,,,,,,,10,40,15,0,1,,
2015,8,08/18/15,Uva,Reef,5.2,GAPL,15,14,16,60,20,10,,,,,,,,,,2,,,,,,,,,,,60,20,10,0,1,,1
2015,8,08/18/15,Uva,Reef,5.2,POLO,54,40,20,20,80,,,,,,,,2,,,,2,,,,,,,,,,20,80,0,0,1,,1
2015,8,08/18/15,Uva,Reef,5.2,POEL,47,45,29,10,30,10,,,,,,,,,,,,,,,,,,,,,10,30,10,0,1,,
2015,8,08/18/15,Uva,Reef,5.5,PAGI,25,15,14,,40,70,,,,,,,,8,DICT,,,,,,,,,,,,0,40,70,0,0,1,
2015,8,08/18/15,Uva,Reef,4.9,POLO,44,19,14,20,70,20,,,,,,,6,,,4,,1,,,,,,,,,20,70,20,0,1,,1
2015,8,08/18/15,Uva,Reef,5.2,PAGI,15,14,14,10,60,35,,,,,,,,4,FIL,,,,,,,,,,,,10,60,35,0,1,,
2015,8,08/18/15,Uva,Reef,4.6,POEL,29,33,15,20,30,10,20,,,,,,,6,FIL,,,,,,,,,,,,20,30,10,20,1,,1
2015,8,08/18/15,Uva,Reef,4.6,PAGI,43,16,42,20,40,20,,,,,,,,6,FIL,,8,,,,,,,,,,20,40,20,0,1,,1
2015,8,08/18/15,Uva,Reef,4.6,POLO,87,45,32,,30,25,,2,,,,,,,,,10,,,,,,,,,,0,30,25,0,0,,
2015,8,08/18/15,Uva,Reef,4.3,PAGI,18,20,30,10,40,30,,,,,,,,4,FIL,,LOTS,,,,,,,,,,10,40,30,0,1,,
2015,8,08/18/15,Uva,Reef,3,POEL,66,65,30,5,30,5,,,,,,,,,,,,,,,,,,,,,5,30,5,0,1,,
2015,8,08/18/15,Uva,Reef,4.3,PAGI,44,27,36,5,40,40,,,,,,,,4,FIL,,6,,,,,,,,,,5,40,40,0,1,,
2015,8,08/18/15,Uva,Reef,5.8,POPA,15,10,6,30,70,15,,,,,,,,4,FIL,,,1,,,,,,,,,30,70,15,0,1,,1
2015,8,08/18/15,Uva,Reef,6.1,PAVA,33,16,14,30,30,20,,,,,,,,,,,,,,,,,,,,,30,30,20,0,1,,1
2015,8,08/18/15,Uva,Reef,6.1,PODA,27,25,8,,30,,,,,,,,,,,,,,,,,,,,,,0,30,0,0,0,,
2015,8,08/18/15,Uva,Reef,5.5,POEL,38,38,26,,20,15,,,,,,,,8,DICT,,,,,,,,,,,,0,20,15,0,0,,
2015,8,08/18/15,Uva,Reef,5.5,PACL,65,41,40,30,40,15,,,,,,,,,,6,4,4,,,,,,,,,30,40,15,0,1,,1
2015,8,08/18/15,Uva,Reef,5.5,PODA,50,35,22,80,10,10,10,,,,,,,,,,,,,,,,,,,,80,10,10,10,1,,1
2015,8,08/18/15,Uva,Reef,5.2,POPA,7,3,6,10,60,5,,,,,,,,4,FIL,,,,,,,,,,,,10,60,5,0,1,,
2015,8,08/18/15,Uva,Reef,8.2,PODA,32,30,20,30,,5,,,,,,,,,,,,,,,,,,,,BLKSPO PF,30,0,5,0,1,,1
2015,8,08/18/15,Uva,Reef,8.2,POPA,7,4,3,100,,,,,,,,,,,,,,,,,,,,,,,100,0,0,0,1,,1
2015,8,08/18/15,Uva,Reef,8.8,POLO,35,20,20,,80,,,,,,,PF,,,,,,,,PF,,,,,,,0,80,0,0,0,,
2015,8,08/18/15,Uva,Reef,8.5,PODA,45,30,20,,20,30,,,,,,,,,,,,,,,,,,,,BLKSPO PF,0,20,30,0,0,,
2015,8,08/18/15,Uva,Reef,9.1,POLO,40,25,30,,50,25,,,,,,,5,PF,FIL,,,,,,,,,,,PDAM PF,0,50,25,0,0,,
2015,8,08/18/15,Uva,Reef,6.1,PODA,27,21,5,,10,10,,,,,,,0,PF,FIL,,,,,,,,,,,,0,10,10,0,0,,
2015,8,08/18/15,Uva,Reef,8.2,POLO,32,20,12,,100,5,,,,,,,10,,,,,,,,,,,,,,0,100,5,0,0,,
2015,8,08/18/15,Uva,Reef,7.6,POPA,6,5,3,,10,,,,,,,,5,,,,,,,,,,,,,,0,10,0,0,0,,
2015,8,08/18/15,Uva,Reef,6.7,PODA,90,75,30,5,,25,,,,,,,10,PF,FIL,,,,,,,,,,,BLKSPO PF,5,0,25,0,1,,
2015,8,08/18/15,Uva,Reef,6.7,POPA,3,3,1,100,,,,,,,,,0,,,,,,,,,,,,,,100,0,0,0,1,,1
2015,8,08/18/15,Uva,Reef,6.7,POPA,5,3,2,100,,,,,,,,,0,,,,,,,,,,,,,,100,0,0,0,1,,1
2015,8,08/18/15,Uva,Reef,6.7,POPA,4,3,4,100,,,,,,,,,0,,,,,,,,,,,,,,100,0,0,0,1,,1
2015,8,08/18/15,Uva,Reef,6.7,PACL,52,37,50,50,,25,,,,,,,0,,,,,,,,,,,,,,50,0,25,0,1,,1
2015,8,08/18/15,Uva,Reef,6.7,PACL,45,40,50,3,40,10,,,,,,,0,PF,FIL,,,,,,,,,,,PDAM PF,3,40,10,0,1,,
2015,8,08/18/15,Uva,Reef,7,PODA,40,25,15,,,25,,,,,,,25,PF,FIL,,,,,,,,,,,BLKSPO PF,0,0,25,0,0,,
2015,8,08/18/15,Uva,Reef,7.3,MIIN,95,75,25,100,,,25,,,,,,0,,,,,,,,,,,,,PDAM PF,100,0,0,25,1,,1
2015,8,08/18/15,Uva,Reef,7.3,POLO,52,37,15,,75,5,,,,,,,10,,,,,,,,,,,,,,0,75,5,0,0,,
2015,8,08/18/15,Uva,Reef,7.3,POPA,6,5,1,100,,,,,,,,,0,,,,,,,,,,,,,,100,0,0,0,1,,1
2015,8,08/18/15,Uva,Reef,7.3,POPA,4,3,2,100,,,,,,,,,0,,,,,,,,,,,,,,100,0,0,0,1,,1
2015,8,08/18/15,Uva,Reef,6.7,PODA,27,15,12,100,,15,,,,,,,0,,,,,,,,,,,,,BLKSPO PF,100,0,15,0,1,,1
2015,8,08/19/15,Secas,Reef,8.5,POEL,25,16,14,,30,10,,,,,,,,4,FIL,4,,,,,,,,,,,0,30,10,0,0,,
2015,8,08/19/15,Secas,Reef,8.2,POEL,35,34,14,,20,5,,,,,,,,,,,,,,,,,,,,,0,20,5,0,0,,
2015,8,08/19/15,Secas,Reef,7.9,PODA,18,15,16,,10,10,,,,,,,,,,,,,,,,,,,,,0,10,10,0,0,,
2015,8,08/19/15,Secas,Reef,7.9,PODA,45,34,17,10,20,20,10,,,,,,,4,FIL,,,,,,,,,,,,10,20,20,10,1,,
2015,8,08/19/15,Secas,Reef,7.6,POEL,36,29,18,,15,10,,,,,,,,,,,,,,,,,,,,4SPO,0,15,10,0,0,,
2015,8,08/19/15,Secas,Reef,7.3,POEL,45,40,16,5,5,10,5,,,,,,,,,,,,,,,,,,,,5,5,10,5,1,,
2015,8,08/19/15,Secas,Reef,4.9,PODA,10,10,7,,10,,,,,,,,,,,,,,,,,,,,,,0,10,0,0,0,,
2015,8,08/19/15,Secas,Reef,3.7,PODA,14,14,6,70,20,,,,,,,,,,,8,,,,,,,,,,,70,20,0,0,1,,1
2015,8,08/19/15,Secas,Reef,3.4,POEL,30,27,27,60,30,5,,,,,,,,,,6,,,,,,,,,,,60,30,5,0,1,,1
2015,8,08/19/15,Secas,Reef,3,POEL,105,67,30,,15,20,5,,,,,,,4,FIL,6,,,,,,,,,,,0,15,20,5,0,,
2015,8,08/19/15,Secas,Reef,0.6,POLO,35,30,16,90,10,60,5,,,,,,6,,,15,,,,,,,,,,,90,10,60,5,1,1,1
2015,8,08/19/15,Secas,Reef,2.1,PAGI,36,17,16,20,40,40,,4,,,,,,,,16,,,,,,,,,,,20,40,40,0,1,,1
2015,8,08/19/15,Secas,Reef,2.4,POLO,11,8,6,20,40,5,,,,,,,,,,4,,,,,,,,,,,20,40,5,0,1,,1
2015,8,08/19/15,Secas,Reef,2.4,PACL,58,52,64,70,20,20,5,,,,,,,,,,,,,,,,,,,,70,20,20,5,1,,1
2015,8,08/19/15,Secas,Reef,2.4,PAGI,14,12,15,,80,10,,,,,,,,,,6,,,,,,,,,,,0,80,10,0,0,,
2015,8,08/19/15,Secas,Reef,2.4,PODA,30,22,20,20,60,10,,,,,,,,,,4,,,,,,,,,,,20,60,10,0,1,,1
2015,8,08/19/15,Secas,Reef,2.7,PAGI,21,8,15,10,50,30,,,,,,,,,,4,,,,,,,,,,,10,50,30,0,1,,
2015,8,08/19/15,Secas,Reef,1.8,POLO,26,23,14,,60,5,,,,,,,,,,,,,,,,,,,,,0,60,5,0,0,,
2015,8,08/19/15,Secas,Reef,2.1,PAVA,14,12,9,95,5,15,10,,,,,,,,,6,,,,,,,,,,,95,5,15,10,1,,1
2015,8,08/19/15,Secas,Reef,1.2,PAVA,50,33,24,60,30,10,15,,,,,,,6,FIL,8,,,,,,,,,,,60,30,10,15,1,,1
2015,8,08/19/15,Secas,Reef,1.2,PAVA,15,1,12,90,10,10,30,,,,,,,,,10,,,,,,,,,,2SPO,90,10,10,30,1,,1
2015,8,08/19/15,Secas,Reef,1.2,MIIN,36,20,9,,,,100,,,,,,,,,20,,,,,,,,,,Listed as 100% recent mortality and 100% bleached.  Deleted the bleaching estimate of 100%,0,0,0,100,0,1,
2015,8,08/19/15,Secas,Reef,1.2,PAVA,6,11,9,90,10,20,20,,,,,,,,,10,,,,,,,,,,,90,10,20,20,1,,1
2015,8,08/19/15,Secas,Reef,1.8,POEL,55,50,33,10,20,15,5,,,,,,,,,6,,,,,,,,,,,10,20,15,5,1,,
2015,8,08/19/15,Secas,Reef,0.9,PODA,6,15,10,,40,5,,,,,,,,,,10,,,,,,,,,,,0,40,5,0,0,,
2015,8,08/19/15,Secas,Reef,0.9,PACL,52,28,17,80,10,50,,,,,,,,,,10,,,,,,,,,,,80,10,50,0,1,1,1
2015,8,08/19/15,Secas,Reef,1.2,POEL,37,27,16,,30,10,,,,,,,,,,8,,,,,,,,,,,0,30,10,0,0,,
2015,8,08/19/15,Secas,Reef,1.2,PODA,15,14,14,5,70,5,5,,,,,,,,,10,,,,,,,,,,,5,70,5,5,1,,
2015,8,08/19/15,Secas,Reef,1.2,POEL,29,25,20,30,60,5,,,,,,,,,,15,,,,,,,,,,,30,60,5,0,1,,1
2015,8,08/19/15,Secas,Reef,9.1,PODA,19,1.7,12,,,,5,,,,,,,6,FIL,,,,,,,,,,,8BLSPO; NEWMORT FROM SPO,0,0,0,5,0,,
2015,8,08/19/15,Secas,Reef,9.1,PODA,15,11,5,,,20,,,,,,,,,,,,,,,,,,,,,0,0,20,0,0,,
2015,8,08/19/15,Secas,Reef,9.1,PODA,27,24,19,,,,,,,,,,,4,FIL,,,,,,,,,,,,0,0,0,0,0,,
2015,8,08/19/15,Secas,Reef,9.1,POEL,35,30,29,,,10,2,,,,,,,5,FIL,,,,,,,,,,,5BLKSPO,0,0,10,2,0,,
2015,8,08/19/15,Secas,Reef,9.1,PODA,16,14,12,,,60,15,,,,,,,5,FIL,,,,,,,,,,,60BLKSPO,0,0,60,15,0,1,
2015,8,08/19/15,Secas,Reef,7.3,PODA,32,22,15,,,40,,,,,,,,,,,,,,,,,,,,,0,0,40,0,0,,
2015,8,08/19/15,Secas,Reef,4.6,POPA,4.5,4,3.5,,,,5,20,,,,,,,,,,,,,,,,,,NEWMORT=BITES,0,0,0,5,0,,
2015,8,08/19/15,Secas,Reef,4,POPA,13,10,6,,60,,,,,,,,,,,,,,,,,,,,,,0,60,0,0,0,,
2015,8,08/19/15,Secas,Reef,2.7,PAGI,16,13,10,10,65,,,,,,,,,,,10,,,,,,,,,,,10,65,0,0,1,,
2015,8,08/19/15,Secas,Reef,0.9,POLO,65,28,22,100,,45,5,,,,,,4,,,100,,,,,,,,,,,100,0,45,5,1,1,1
2015,8,08/19/15,Secas,Reef,0.9,POLO,70,40,20,85,15,15,,,,,,,5,,,90,,,,,,,,,,,85,15,15,0,1,,1
2015,8,08/19/15,Secas,Reef,0.9,POLO,45,32,15,80,20,35,,,,,,,3,,,95,,,,,,,,,,,80,20,35,0,1,,1
2015,8,08/19/15,Secas,Reef,1.2,POLO,11,8,3,100,,,,,,,,,,,,65,,,,,,,,,,,100,0,0,0,1,,1
2015,8,08/19/15,Secas,Reef,1.8,POLO,11,9,7,85,15,5,,,,,,,,,,30,,,,,,,,,,,85,15,5,0,1,,1
2015,8,08/19/15,Secas,Reef,3,PAGI,11,9,7,15,30,,,,,,,,,,,15,,,,,,,,,,,15,30,0,0,1,,1
2015,8,08/19/15,Secas,Reef,1.2,POLO,25,20,28,80,20,15,10,,,,,,,,,5,,,,,,,,,,,80,20,15,10,1,,1
2015,8,08/19/15,Secas,Reef,0.9,POLO,7,6,2,100,,,,,,,,,,,,75,,,,,,,,,,,100,0,0,0,1,,1
2015,8,08/19/15,Secas,Reef,2.4,PACL,105,95,45,80,10,10,,,,1,SACAP,,,,,,,,,,,,,,,,80,10,10,0,1,,1
2015,8,08/19/15,Secas,Reef,2.7,PAGI,13,10,7,60,40,,,,,,,,,,,20,,,,,,,,,,,60,40,0,0,1,,1
2015,8,08/19/15,Secas,Reef,2.1,PAGI,19,15,7,50,40,55,15,,,,,,,,,50,,,,,,,,,,,50,40,55,15,1,1,1
2015,8,08/19/15,Secas,Reef,2.1,POPA,14,12,10,80,20,,,,,,,,,,,25,,,,,,,,,,,80,20,0,0,1,,1
2015,8,08/19/15,Secas,Reef,2.1,POLO,15,9,18,90,10,,,,,,,,,,,10,,,,,,,,,,,90,10,0,0,1,,1
2015,8,08/19/15,Secas,Reef,2.1,PAGI,10,7,17,80,20,,,,,,,,,,,15,,,,,,,,,,,80,20,0,0,1,,1
2015,8,08/19/15,Secas,Reef,2.4,PACL,37,35,27,80,10,65,2,5,,1,SACAP,,,,,,,,,,,,,,,NEWMORT+BITES=SAAP,80,10,65,2,1,1,1
2015,8,08/19/15,Secas,Reef,2.4,POLO,18,17,10,,60,,,,,,,,,,,,,,,,,,,,,,0,60,0,0,0,,
2015,8,08/19/15,Secas,Reef,2.4,PACL,35,35,18,90,5,65,,,,,,,,,,30,,,,,,,,,,,90,5,65,0,1,1,1
2015,8,08/19/15,Secas,Reef,2.4,PACL,80,75,60,65,15,15,5,35,,1,SACAP,,,10,FIL,,,,,,,,,,,NEWMORT+BITES=SACAP,65,15,15,5,1,,1
2015,8,08/19/15,Secas,Reef,2.4,PAGI,15,14,17,,20,12,,15,,,,,,,,10,,,,,,,,,,,0,20,12,0,0,,
2015,8,08/19/15,Secas,Reef,2.4,PAGI,26,22,18,10,50,35,5,10,,,,,,,,25,,,,,,,,,,,10,50,35,5,1,,
2015,8,08/19/15,Secas,Reef,2.4,PACL,28,24,18,75,15,18,,,,1,SACAP,,,,,,,,,,,,,,,,75,15,18,0,1,,1
2015,8,08/19/15,Secas,Reef,2.7,PACL,32,20,17,85,15,10,,,,,,,,10,FIL,,,,,,,,,,,,85,15,10,0,1,,1
2015,8,08/19/15,Secas,Reef,2.7,PAGI,35,32,13,40,40,65,,,,,,,,12,FIL,,,,,,,,,,,,40,40,65,0,1,1,1
2015,8,08/19/15,Secas,Reef,2.7,PAGI,13,10,6,35,50,60,,,,,,,,,,,,,,,,,,,,,35,50,60,0,1,1,1
2015,8,08/19/15,Secas,Reef,2.7,PAGI,18,17,22,8,10,,,8,,1,SACAP,,,,,,,,,,,,,,,,8,10,0,0,1,,
2015,8,08/19/15,Secas,Reef,2.7,PAGI,11,7,9,40,20,60,,,,,,,,,,,,,,,,,,,,,40,20,60,0,1,1,1
2015,8,08/19/15,Secas,Reef,2.7,PACL,19,15,17,90,5,4,,,,,,,,,,,,,,,,,,,,,90,5,4,0,1,,1
2015,8,08/19/15,Secas,Reef,2.4,PACL,55,50,20,60,20,20,2,8,,2,SACAP,,,,,,,,,,,,,,,NEWMORT+BITES=SACAP,60,20,20,2,1,,1
2015,8,08/19/15,Secas,Reef,2.1,PAVA,11,7,5,100,,5,15,,,,,,,,,,,,,,,,,,,,100,0,5,15,1,,1
2015,8,08/19/15,Secas,Reef,2.1,POLO,15,14,6,,100,30,,,,,,,,10,FIL,,,,,,,,,,,,0,100,30,0,0,,
2015,8,08/19/15,Secas,Reef,2.1,PAVA,14,13,4,75,15,20,,,,,,,,10,FIL,,,,,,,,,,,,75,15,20,0,1,,1
2015,8,08/19/15,Secas,Reef,2.1,PAGI,19,16,6,15,60,65,,,,,,,,,,,,,,,,,,,,,15,60,65,0,1,1,1
2015,8,08/19/15,Secas,Reef,2.4,POLO,19,15,10,15,45,10,,,,,,,,3,FIL,,,,,,,,,,,,15,45,10,0,1,,1
2015,8,08/19/15,Secas,Reef,1.8,PAVA,12,10,6,75,10,,,,,,,,,,,5,,,,,,,,,,,75,10,0,0,1,,1
2015,8,08/19/15,Secas,Reef,2.1,PAVA,40,32,26,80,10,75,4,,,,,,,,,35,,,,,,,,,,,80,10,75,4,1,1,1
2015,8,08/19/15,Secas,Reef,1.8,PAVA,12,10,6,90,5,15,30,,,,,,,,,40,,,,,,,,,,,90,5,15,30,1,,1
2015,8,08/19/15,Secas,Reef,1.8,PAVA,75,30,35,95,3,20,35,,,,,,,,,40,,,,,,,,,,,95,3,20,35,1,1,1
2015,8,08/19/15,Secas,Reef,2.1,PAVA,38,18,20,75,15,30,7,,,,,,,,,50,,,,,,,,,,,75,15,30,7,1,,1
2015,8,08/19/15,Secas,Reef,1.8,PAGI,32,28,19,,,50,5,50,,,,,,,,5,,,,,,,,,,OVERTURNED,0,0,50,5,0,1,
2015,8,08/19/15,Secas,Reef,2.7,PAGI,35,29,16,35,25,70,,,,,,,,,,,,,,,,,,,,,35,25,70,0,1,1,1
2015,8,08/19/15,Secas,Reef,4,PAGI,25,24,6,75,15,35,5,,,,,,,,,10,,,,,,,,,,,75,15,35,5,1,,1
2015,8,08/19/15,Secas,Reef,4,POEL,30,28,28,2,,40,,,,,,,,,,,,,,,,,,,,,2,0,40,0,1,,
2015,8,08/19/15,Secas,Reef,5.2,GAPL,30,13,18,30,40,15,,,,,,,,,,,,,,,,,,,,,30,40,15,0,1,,1
2015,8,08/19/15,Secas,Reef,4.9,GAPL,17,15,13,50,30,55,10,,,,,,,,,15,,,,,,,,,,,50,30,55,10,1,1,1
2015,8,08/19/15,Secas,Reef,4.9,GAPL,120,65,75,40,15,90,,,,,,,,,,,,,,,,,,,,,40,15,90,0,1,1,1
2015,8,08/19/15,Secas,Reef,4.6,GAPL,20,16,28,70,15,20,,,,,,,,,,,,,,,,,,,,,70,15,20,0,1,,1
2015,8,08/19/15,Secas,Reef,4.6,POLO,42,30,36,,25,7,,,,,,,,,,,,,,,,,,,,3SAND,0,25,7,0,0,,
2015,8,08/19/15,Secas,Reef,4.9,POLO,30,28,16,4,65,60,,,,,,,,3,FIL,,,,,,,,,,,,4,65,60,0,1,1,
2015,8,08/19/15,Secas,Reef,5.5,GAPL,12,12,12,25,40,65,,,,,,,,,,80,,,,,,,,,,,25,40,65,0,1,1,1
2015,8,08/19/15,Secas,Reef,5.5,GAPL,12,7,5,90,,25,,,,,,,,,,15,,,,,,,,,,,90,0,25,0,1,,1
2015,8,08/19/15,Secas,Reef,7,MIIN,17,12,8,85,,45,5,,,,,,,10,FIL,,,,,,,,,,,,85,0,45,5,1,1,1
2015,8,08/19/15,Secas,Reef,7,MIIN,23,20,12,100,,,95,,,,,,,,,80,,,,,,,,,,,100,0,0,95,1,1,1
2015,8,08/19/15,Secas,Reef,2.1,PACL,40,37,35,30,30,,3,,,,,,,,,,,,,,,,,,,,30,30,0,3,1,,1
2015,8,08/19/15,Secas,Reef,2.4,POPA,10,7,6,90,10,10,,,,,,,,,,15,,,,,,,,,,,90,10,10,0,1,,1
2015,8,08/19/15,Secas,Reef,2.1,PACL,17,12,10,85,10,,,,,,,,,,,4,,,,,,,,,,,85,10,0,0,1,,1
2015,8,08/19/15,Secas,Reef,2.4,PACL,115,85,60,35,45,,,,,,,,,,,,,,,,,,,,,,35,45,0,0,1,,1
2015,8,08/19/15,Secas,Reef,1.5,PODA,16,9,9,,,,,,,,,,,,,,,,,,,,,,,,0,0,0,0,0,,
2015,8,08/19/15,Secas,Reef,1.5,PODA,19,16,9,,,,,,,,,,,,,,,,,,,,,,,,0,0,0,0,0,,
2015,8,08/19/15,Secas,Reef,2.7,PAVA,27,22,25,90,10,80,,,,,,,,PF,FIL,,,,,,,,,,,,90,10,80,0,1,1,1
2015,8,08/19/15,Secas,Reef,2.7,PAVA,25,20,30,90,10,60,,,,,,,,PF,FIL,,,,,,,,,,,,90,10,60,0,1,1,1
2015,8,08/19/15,Secas,Reef,1.8,PAGI,26,20,15,50,50,75,,,,,,,,PF,FIL,PF,,,,,,,,,,PFSED,50,50,75,0,1,1,1
2015,8,08/19/15,Secas,Reef,1.8,POEL,22,21,10,50,40,40,,,,,,,,PF,FIL,,,,,,,,,,,PFSED,50,40,40,0,1,,1
2015,8,08/19/15,Secas,Reef,1.8,PODA,13,5,5,,,20,,,,,,,,PF,FIL,,,,,,,,,,,PFSED,0,0,20,0,0,,
2015,8,08/19/15,Secas,Reef,2.1,PAGI,23,16,6,50,50,75,10,,,,,,,PF,FIL,,,,,,,,,,,PFSED,50,50,75,10,1,1,1
2015,8,08/19/15,Secas,Reef,2.7,PAGI,27,21,7,75,25,60,20,,,,,,,PF,FIL,,,,,,,,,,,PFSED,75,25,60,20,1,1,1
2015,8,08/19/15,Secas,Reef,0.3,PODA,35,30,40,,,5,,,,,,,,PF,FIL,,,,,,,,,,,PFBLKSPO,0,0,5,0,0,,
2015,8,08/19/15,Secas,Reef,3,POEL,40,32,25,,,5,,,,,,,,PF,FIL,,,,,,,,,,,,0,0,5,0,0,,
2015,8,08/19/15,Secas,Reef,3,PODA,24,23,23,100,,,65,,,,,,,,,PF,,,,,,,,,,,100,0,0,65,1,1,1
2015,8,08/19/15,Secas,Reef,3,PAGI,13,10,10,50,,75,,,,,,,,,,PF,,,,,,,,,,PFSED,50,0,75,0,1,1,1
2015,8,08/19/15,Secas,Reef,3,PACL,25,21,14,75,,5,,,,,,,,,,PF,,,,,,,,,,,75,0,5,0,1,,1
2015,8,08/19/15,Secas,Reef,3,MIIN,25,21,25,100,,,75,,,,,,,,,PF,,,,,,,,,,,100,0,0,75,1,1,1
2015,8,08/19/15,Secas,Reef,3,PAGI,30,25,17,,50,15,,PF,,,,,,,,,,,,,,,,,,,0,50,15,0,0,,
2015,8,08/19/15,Secas,Reef,2.7,PAGI,32,21,15,50,50,50,,,,,,,,,,,,,,,,,,,,,50,50,50,0,1,1,1
2015,8,08/19/15,Secas,Reef,2.7,POEL,19,15,8,,,5,,,,,,,,,,,,,,,,,,,,,0,0,5,0,0,,
2015,8,08/19/15,Secas,Reef,2.7,POEL,25,22,8,,,,,,,,,,,,,,,,,,,,,,,,0,0,0,0,0,,
2015,8,08/19/15,Secas,Reef,2.7,PAGI,19,12,12,50,50,10,50,,,,,,,,,PF,,,,,,,,,,,50,50,10,50,1,1,1
2015,8,08/19/15,Secas,Reef,2.7,PAGI,19,13,7,,100,25,,,,,,,,,,PF,,,,,,,,,,,0,100,25,0,0,,
2015,8,08/19/15,Secas,Reef,2.7,PAVA,12,9,9,50,,5,,,,,,,,,,,,,,,,,,,,,50,0,5,0,1,,1
2015,8,08/19/15,Secas,Reef,2.7,PAVA,11,8,5,75,,25,25,,,,,,,,,PF,,,,,,,,,,,75,0,25,25,1,1,1
2015,8,08/19/15,Secas,Reef,2.4,PAVA,13,7,6,95,,,25,,,,,,,,,PF,,,,,,,,,,,95,0,0,25,1,,1
2015,8,08/19/15,Secas,Reef,2.4,PODA,22,20,7,25,,5,,,,,,,,,,PF,,,,,,,,,,,25,0,5,0,1,,1
2015,8,08/20/15,Uva,Reef,3.7,MIIN,42,32,15,,,,100,,,,,,,,,,,,,,,,,,,,0,0,0,100,0,1,
2015,8,08/20/15,Uva,Reef,3.7,MIIN,180,100,35,,,,100,,,,,,,,,,,,,,,,,,,,0,0,0,100,0,1,
2015,8,08/20/15,Uva,Reef,3.7,MIIN,28,20,10,,,,100,,,,,,,,,,,,,,,,,,,,0,0,0,100,0,1,
2015,8,08/20/15,Uva,Reef,3.7,MIIN,14,13,12,,,,100,,,,,,,,,,,,,,,,,,,,0,0,0,100,0,1,
2015,8,08/20/15,Uva,Reef,4.3,MIIN,650,450,50,,,,100,,,,,,,,,,,,,,,,,,,,0,0,0,100,0,1,
2015,8,08/20/15,Uva,Reef,4.6,MIIN,22,19,17,,,,100,,,,,,,,,,,,,,,,,,,,0,0,0,100,0,1,
2015,8,08/20/15,Uva,Reef,4.6,MIIN,17,14,8,,,,100,,,,,,,,,,,,,,,,,,,,0,0,0,100,0,1,
2015,8,08/20/15,Uva,Reef,4.6,MIIN,25,22,12,,,,100,,,,,,,,,,,,,,,,,,,,0,0,0,100,0,1,
2015,8,08/20/15,Uva,Reef,4.6,MIIN,35,30,8,,,10,90,,,,,,,,,,,,,,,,,,,,0,0,10,90,0,1,
2015,8,08/20/15,Uva,Reef,5.2,MIIN,65,45,15,80,20,,96,,,,,,,,,,,,,,,,,,,,80,20,0,96,1,1,1
2015,8,08/20/15,Uva,Reef,5.2,MIIN,20,18,12,,,20,80,,,,,,,,,,,,,,,,,,,,0,0,20,80,0,1,
2015,8,08/20/15,Uva,Reef,5.2,MIIN,8,7,5,,,,100,,,,,,,,,,,,,,,,,,,,0,0,0,100,0,1,
2015,8,08/20/15,Uva,Reef,5.2,MIIN,19,16,16,,,,100,,,,,,,,,,,,,,,,,,,,0,0,0,100,0,1,
2015,8,08/20/15,Uva,Reef,5.2,MIIN,16,12,10,,,,100,,,,,,,,,,,,,,,,,,,,0,0,0,100,0,1,
2015,8,08/20/15,Uva,Reef,5.2,MIIN,18,16,17,,,,100,,,,,,,,,,,,,,,,,,,,0,0,0,100,0,1,
2015,8,08/20/15,Uva,Reef,5.2,MIIN,40,35,20,,,,100,,,,,,,,,,,,,,,,,,,,0,0,0,100,0,1,
2015,8,08/20/15,Uva,Reef,5.2,MIIN,15,12,10,,,,100,,,,,,,,,,,,,,,,,,,,0,0,0,100,0,1,
2015,8,08/20/15,Uva,Reef,5.2,MIIN,14,13,11,,,,100,,,,,,,,,,,,,,,,,,,,0,0,0,100,0,1,
2015,8,08/20/15,Uva,Reef,5.2,MIIN,12,10,10,,,,100,,,,,,,,,,,,,,,,,,,,0,0,0,100,0,1,
2015,8,08/20/15,Uva,Reef,5.2,MIIN,16,13,7,,,,100,,,,,,,,,,,,,,,,,,,,0,0,0,100,0,1,
2015,8,08/20/15,Uva,Reef,5.2,MIIN,15,14,16,,,,100,,,,,,,,,,,,,,,,,,,,0,0,0,100,0,1,
2015,8,08/21/15,Silva de Afuera,Mooring,6.1,POLO,80,55,30,20,40,,5,,,,,,,20,FIL,,,,,,,,,,,,20,40,0,5,1,,1
2015,8,08/21/15,Silva de Afuera,Mooring,6.1,POEL,75,70,35,,50,,,,,,,,,,,,,,,,,,,,,PDAM10,0,50,0,0,0,,
2015,8,08/21/15,Silva de Afuera,Mooring,6.1,PACL,110,85,50,50,,50,,,,,,,,50,FIL,,,,,,,,,,,,50,0,50,0,1,1,1
2015,8,08/21/15,Silva de Afuera,Mooring,6.1,POLO,80,62,50,,100,,,,,,,,2,10,FIL,,,,,,,,,,,,0,100,0,0,0,,
2015,8,08/21/15,Silva de Afuera,Mooring,6.1,POLO,42,27,20,5,75,,,,,,,,2,5,FIL,,,,,,,,,,,,5,75,0,0,1,,
2015,8,08/21/15,Silva de Afuera,Reef,3,PODA,13,10,11,10,25,,,,,,,,,10,FIL,,,,,,,,,,,,10,25,0,0,1,,
2015,8,08/21/15,Silva de Afuera,Reef,3,PODA,9,9,12,5,10,,,,,,,,,5,FIL,,,,,,,,,,,,5,10,0,0,1,,
2015,8,08/21/15,Silva de Afuera,Reef,3,PODA,17,11,10,1,,5,,,,,,,,5,FIL,,,,,,,,,,,,1,0,5,0,1,,
2015,8,08/21/15,Silva de Afuera,Reef,2.4,PODA,21,19,16,3,,12,,,,,,,,,,,,,,,,,,,,,3,0,12,0,1,,
2015,8,08/21/15,Silva de Afuera,Reef,2.4,POEL,22,12,20,,,20,,,,,,,,5,FIL,,,,,,,,,,,,0,0,20,0,0,,
2015,8,08/21/15,Silva de Afuera,Reef,2.4,PODA,15,9,12,10,,15,,,,,,,,10,FIL,,,,,,,,,,,,10,0,15,0,1,,
2015,8,08/21/15,Silva de Afuera,Reef,2.1,POEL,25,25,12,,,10,,,,,,,,8,FIL,,,,,,,,,,,,0,0,10,0,0,,
2015,8,08/21/15,Silva de Afuera,Reef,2.4,PODA,10,8,7,30,,,,,,,,,,,,,,,,,,,,,,,30,0,0,0,1,,1
2015,8,08/21/15,Silva de Afuera,Reef,2.4,PODA,22,12,14,5,,12,,,,,,,,15,FIL,,,,,,,,,,,,5,0,12,0,1,,
2015,8,08/21/15,Silva de Afuera,Reef,3,POEL,26,16,21,,,,,,,,,,,2,FIL,,,,,,,,,,,,0,0,0,0,0,,
2015,8,08/21/15,Silva de Afuera,Reef,2.4,POEL,25,23,18,,50,10,,,,,,,,5,FIL,,,,,,,,,,,,0,50,10,0,0,,
2015,8,08/21/15,Silva de Afuera,Reef,2.1,PODA,16,13,10,5,,15,,,,,,,,,,,,,,,,,,,,,5,0,15,0,1,,
2015,8,08/21/15,Silva de Afuera,Reef,2.1,POEL,17,15,15,,100,10,,,,,,,,5,FIL,,,,,,,,,,,,0,100,10,0,0,,
2015,8,08/21/15,Silva de Afuera,Reef,1.8,PAGI,16,9,8,,70,,20,,,,,,,,,PF,,,,,,,,,,,0,70,0,20,0,,
2015,8,08/21/15,Silva de Afuera,Reef,1.8,PODA,13,11,5,,,,20,,,,,,,PF,FIL,,,,,,,,,,,,0,0,0,20,0,,
2015,8,08/21/15,Silva de Afuera,Reef,3,POEL,40,22,20,,100,,5,,,,,,,,,,,,,,,,,,,,0,100,0,5,0,,
2015,8,08/21/15,Silva de Afuera,Reef,3,POEL,27,21,25,,60,,20,,,,,,,10,FIL,,,,,,,,,,,,0,60,0,20,0,,
2015,8,08/21/15,Silva de Afuera,Reef,3,POEL,13,12,11,5,5,5,,,,,,,,,,,,,,,,,,,,,5,5,5,0,1,,
2015,8,08/21/15,Silva de Afuera,Reef,3,PODA,16,10,9,,100,3,,,,,,,,,,,,,,,,,,,,,0,100,3,0,0,,
2015,8,08/21/15,Silva de Afuera,Mooring,8.2,POLO,45,33,10,10,70,35,5,,,,,,2,4,FIL,,20,,,,,,,,,,10,70,35,5,1,,
2015,8,08/21/15,Silva de Afuera,Mooring,6.7,POLO,110,80,33,20,60,30,5,,,,,,,,,8,6,,,,,,,,,,20,60,30,5,1,,1
2015,8,08/21/15,Silva de Afuera,Mooring,6.1,POEL,100,90,30,40,50,10,,,,,,,,,,8,,,,,,,,,,,40,50,10,0,1,,1
2015,8,08/21/15,Silva de Afuera,Mooring,6.1,POLO,50,40,28,10,80,15,,4,,,,,4,,,4,,,,,,,,,,,10,80,15,0,1,,
2015,8,08/21/15,Silva de Afuera,Mooring,5.8,PACL,105,60,60,50,40,20,10,,,,,,,,,8,,,,,,,,,,,50,40,20,10,1,,1
2015,8,08/22/15,Uva,Reef,9.4,POEL,60,42,25,10,25,10,,,,,,,,10,FIL,,,,,,,,,,,5BLKSPO,10,25,10,0,1,,
2015,8,08/22/15,Uva,Reef,9.4,POEL,44,30,10,,,10,,,,,,,,5,FIL,,,,,,,,,,,,0,0,10,0,0,,
2015,8,08/22/15,Uva,Reef,9.1,PODA,31,17,5,10,,20,,,,,,,,,,,,,,,,,,,,,10,0,20,0,1,,
2015,8,08/22/15,Uva,Reef,9.4,POEL,35,23,15,5,,15,,,,,,,,,,,,,,,,,,,,,5,0,15,0,1,,
2015,8,08/22/15,Uva,Reef,9.1,POEL,23,10,15,10,,5,,,,,,,,10,FIL,,,,,,,,,,,,10,0,5,0,1,,
2015,8,08/22/15,Uva,Reef,9.1,POEL,35,27,10,25,,10,,,,,,,,5,FIL,,,,,,,,,,,,25,0,10,0,1,,1
2015,8,08/22/15,Uva,Reef,8.5,PODA,65,52,10,75,25,,,,,,,,,,,,,,,,,,,,,10BLKSPO,75,25,0,0,1,,1
2015,8,08/22/15,Uva,Reef,8.8,PODA,32,22,8,75,25,,,,,,,,,,,,,,,,,,,,,,75,25,0,0,1,,1
2015,8,08/22/15,Uva,Reef,8.5,PODA,25,17,5,100,,10,,,,,,,,,,,,,,,,,,,,,100,0,10,0,1,,1
2015,8,08/22/15,Uva,Reef,8.5,POEL,45,42,30,,,20,,,,,,,,,,,,,,,,,,,,,0,0,20,0,0,,
2015,8,08/22/15,Uva,Reef,8.8,PODA,25,15,0,50,50,,,,,,,,,,,,,,,,,,,,,,50,50,0,0,1,,1
2015,8,08/22/15,Uva,Reef,8.2,PODA,30,27,10,100,,,,,,,,,,,,,,,,,,,,,,45BLKSPO,100,0,0,0,1,,1
2015,8,08/22/15,Uva,Reef,8.2,PODA,85,60,10,,25,22,,,,,,,,,,25,,,,,,,,,,,0,25,22,0,0,,
2015,8,08/22/15,Uva,Reef,8.2,PAGI,8,4,1,25,25,50,,,,,,,,25,FIL,,,,,,,,,,,,25,25,50,0,1,1,1
2015,8,08/22/15,Uva,Reef,8.5,POEL,35,27,10,,25,1,,,,,,,,1,FIL,,,,,,,,,,,,0,25,1,0,0,,
2015,8,08/22/15,Uva,Reef,8.2,POEL,28,17,9,,30,5,,,,,,,,2,FIL,,,,,,,,,,,,0,30,5,0,0,,
2015,8,08/22/15,Uva,Reef,8.2,POEL,40,36,10,,,5,,,,,,,,,,,,,,,,,,,,,0,0,5,0,0,,
2015,8,08/22/15,Uva,Reef,8.5,POEL,62,50,30,,10,10,,,,,,,,,,,,,,,,,,,,,0,10,10,0,0,,
2015,8,08/22/15,Uva,Reef,8.8,POPA,5,4,1,50,50,,,,,,,,,,,,,,,,,,,,,,50,50,0,0,1,,1
2015,8,08/22/15,Uva,Reef,8.5,POEL,35,20,15,50,50,10,,,,,,,,,,,,,,,,,,,,,50,50,10,0,1,,1
2015,8,08/22/15,Uva,Reef,9.1,POEL,37,30,15,,100,,,,,,,,,,,,,,,,,,,,,,0,100,0,0,0,,
2015,8,08/22/15,Uva,Reef,9.1,POEL,22,20,10,5,50,,,,,,,,,,,,,,,,,,,,,,5,50,0,0,1,,
2015,8,08/22/15,Uva,Reef,9.1,POEL,45,30,15,,50,,,,,,,,,,,,,,,,,,,,,,0,50,0,0,0,,
2015,8,08/22/15,Uva,Reef,8.8,POEL,25,25,10,,20,20,,,,,,,,,,,,,,,,,,,,,0,20,20,0,0,,
2015,8,08/22/15,Uva,Reef,8.8,PAGI,15,10,2,20,20,50,,,,,,,,,,,,,,,,,,,,,20,20,50,0,1,1,1
2015,8,08/22/15,Uva,Reef,8.5,POPA,5,5,1,50,50,,,,,,,,,50,FIL,,,,,,,,,,,,50,50,0,0,1,,1
2015,8,08/22/15,Uva,Reef,8.5,POPA,6,4,2,50,50,,,,,,,,,50,FIL,,,,,,,,,,,,50,50,0,0,1,,1
2015,8,08/22/15,Uva,Reef,8.8,POPA,8,5,1,25,25,,,,,,,,,20,FIL,,,,,,,,,,,,25,25,0,0,1,,1
2015,8,08/22/15,Uva,Reef,8.8,POPA,3,3,2,50,50,,,,,,,,,10,FIL,,,,,,,,,,,,50,50,0,0,1,,1
2015,8,08/22/15,Uva,Reef,8.5,POPA,4,3,2,50,50,,,,,,,,,25,FIL,,,,,,,,,,,,50,50,0,0,1,,1
2015,8,08/22/15,Uva,Reef,8.5,POPA,6,5,2,75,25,,,,,,,,,20,FIL,,,,,,,,,,,,75,25,0,0,1,,1
2015,8,08/22/15,Uva,Reef,8.8,POPA,8,3,2,25,75,,,,,,,,,10,FIL,,,,,,,,,,,,25,75,0,0,1,,1
2015,8,08/22/15,Uva,Reef,9.8,PAVA,19,10,12,30,30,20,,,,,,,,,,6,,,,,,,,,,,30,30,20,0,1,,1
2015,8,08/22/15,Uva,Reef,9.4,PACH,12,11,5,20,30,40,,,,,,,,8,FIL,,,,,,,,,,,6SPO(CLIONA>),20,30,40,0,1,,1
2015,8,08/22/15,Uva,Reef,9.4,PAVA,30,10,7,50,10,20,,,,,,,,,,,,,,,,,,,,,50,10,20,0,1,,1
2015,8,08/22/15,Uva,Reef,9.1,PACH,25,10,4,10,70,40,,,,,,,,,,,,,,,,,,,,,10,70,40,0,1,,
2015,8,08/22/15,Uva,Reef,9.1,PACH,40,30,14,50,30,50,,,,,,,,,,10,,,,,,,,,,4HYDRO,50,30,50,0,1,1,1
2015,8,08/22/15,Uva,Reef,9.1,PACH,40,39,10,,10,40,,,,,,,,,,,,,,,,,,,,,0,10,40,0,0,,
2015,8,08/22/15,Uva,Reef,8.5,POLO,40,25,20,20,70,30,,,,,,,,,,,10,1,,,,,,,,,20,70,30,0,1,,1
2015,8,08/22/15,Uva,Reef,8.8,POLO,165,45,28,20,50,40,,,,,,6,,6,FIL,,20,,,,,,,,,,20,50,40,0,1,,1
2015,8,08/22/15,Uva,Reef,8.8,PACL,60,55,32,30,20,15,,,,,,,,,,6,,,,,,,,,,,30,20,15,0,1,,1
2015,8,08/22/15,Uva,Reef,8.8,PACL,90,42,30,35,60,20,5,,,,,,,,,4,,,,,,,,,,,35,60,20,5,1,,1
2015,8,08/22/15,Uva,Reef,9.8,MIIN,70,37,25,90,10,,90,,,,,,,,,12,,,,,,,,,,,90,10,0,90,1,1,1
2015,8,08/22/15,Uva,Reef,9.8,POLO,17,15,8,,60,20,,,,,,,,,,4,,,,,,,,,,,0,60,20,0,0,,
2015,8,08/22/15,Uva,Reef,9.8,PACH,30,25,14,30,40,45,,,,,,,,,,,,,,,,,,,,,30,40,45,0,1,,1
2015,8,08/22/15,Uva,Reef,9.4,POLO,43,19,10,,70,,,,,,,,,,,,2,1,,,,,,,,,0,70,0,0,0,,
2015,8,08/22/15,Uva,Reef,8.5,POLO,67,50,29,30,40,10,,,,,,6,,,,2,8,,,,,,,,,,30,40,10,0,1,,1
2015,8,08/22/15,Uva,Reef,8.5,PACL,55,34,28,60,30,10,,,,,,,,,,,,,,,,,,,,,60,30,10,0,1,,1
2015,8,08/22/15,Uva,Reef,9.1,PACH,30,25,15,30,30,20,,,,,,,,,,,,,,,,,,,,,30,30,20,0,1,,1
2015,8,08/22/15,Uva,Reef,3.7,MIIN,150,100,50,,,,100,,,,,,,,,,,,,,,,,,,"COVERED IN FIL, Listed as 100% recent mortality and 100% bleached.  Deleted the bleaching estimate of 100%",0,0,0,100,0,1,
2015,8,08/22/15,Uva,Reef,3.7,MIIN,75,64,25,,,,100,,,,,,,,,,,,,,,,,,,"COVERED IN FIL, Listed as 100% recent mortality and 100% bleached.  Deleted the bleaching estimate of 100%",0,0,0,100,0,1,
2015,8,08/22/15,Uva,Reef,4.3,MIIN,110,80,30,,,,100,,,,,,,,,,,,,,,,,,,"COVERED IN FIL, Listed as 100% recent mortality and 100% bleached.  Deleted the bleaching estimate of 100%",0,0,0,100,0,1,
2015,8,08/22/15,Uva,Reef,4.6,MIIN,340,270,90,,,,100,,,,,,,,,,,,,,,,,,,"COVERED IN FIL, Listed as 100% recent mortality and 100% bleached.  Deleted the bleaching estimate of 100%",0,0,0,100,0,1,
2015,8,08/22/15,Uva,Reef,4,MIIN,210,120,75,,,,100,,,,,,,,,,,,,,,,,,,"COVERED IN FIL, Listed as 100% recent mortality and 100% bleached.  Deleted the bleaching estimate of 100%",0,0,0,100,0,1,
2015,8,08/22/15,Uva,Reef,3.7,MIIN,350,300,100,,,,100,,,,,,,,,,,,,,,,,,,"COVERED IN FIL, Listed as 100% recent mortality and 100% bleached.  Deleted the bleaching estimate of 100%",0,0,0,100,0,1,
2015,8,08/22/15,Uva,Reef,1.8,POPA,8,6,3,25,50,,,,,,,,,5,FIL,,,,,,,,,,,,25,50,0,0,1,,1
2015,8,08/22/15,Uva,Reef,2.4,POPA,4,2,2,50,50,,,,,,,,,,,20,,,,,,,,,,,50,50,0,0,1,,1
2015,8,08/22/15,Uva,Reef,2.4,POPA,11,9,4,70,30,22,,,,,,,,,,50,,,,,,,,,,,70,30,22,0,1,,1
2015,8,08/22/15,Uva,Reef,2.1,POPA,7,4,4,35,65,5,,,,,,,,10,FIL,,,,,,,,,,,,35,65,5,0,1,,1
2015,8,08/22/15,Uva,Reef,1.8,POPA,17,12,8,50,40,10,,,,,,,,,,,,,,,,,,,,,50,40,10,0,1,,1
2016,4,04/16/16,Uva,Uva-Reef,2.4,PAVA,61,31,33,45,30,65,,,,,,,,,,,,,,,,,,,,,45,30,65,0,1,1,1
2016,4,04/16/16,Uva,Uva-Reef,2.4,PAVA,16,16,10,50,10,10,1,,,,,,,,,1,,,,,,,,,,REC - FLCY,50,10,10,1,1,,1
2016,4,04/16/16,Uva,Uva-Reef,2.4,PAVA,21,20,14,15,40,55,,,,,,,,,,,,,,,,,,,,,15,40,55,0,1,1,1
2016,4,04/16/16,Uva,Uva-Reef,2.4,PAVA,30,30,22,5,,65,,,,,,,,,,,,,,,,,,,,,5,0,65,0,1,1,
2016,4,04/16/16,Uva,Uva-Reef,2.4,PAVA,43,42,14,1,90,70,,,,,,,,2,FIL,,,,,,,,,,,,1,90,70,0,1,1,
2016,4,04/16/16,Uva,Uva-Reef,4.3,GAPL,106,96,52,70,2,10,1,,,,,,,,,,,,,,,,,,,REC - probably damsel gardening,70,2,10,1,1,,1
2016,4,04/16/16,Uva,Uva-Reef,2.4,POPA,11,8,5,,100,90,,,,,,,,,,,,,,,,,,,,,0,100,90,0,0,1,
2016,4,04/16/16,Uva,Uva-Reef,4.3,GAPL,95,60,50,,,50,10,,,,,,,,,,,,,,,,,,,"Combo of BL/PL-35, top dead/side BL",0,0,50,10,0,1,
2016,4,04/16/16,Uva,Uva-Reef,4.3,GAPL,66,44,41,,65,60,5,,,,,,,,,,,,,,,,,,,top death/side BL,0,65,60,5,0,1,
2016,4,04/16/16,Uva,Uva-Reef,4.6,GAPL,40,40,27,,,75,10,,,,,,,,,,,,,,,,,,,"Combo of BL/PL-90, top dead/side BL",0,0,75,10,0,1,
2016,4,04/16/16,Uva,Uva-Reef,4.6,GAPL,42,35,54,,,50,5,,,,,,,,,,,,,,,,,,,"Combo of BL/PL-100, top dead/side BL",0,0,50,5,0,1,
2016,4,04/16/16,Uva,Uva-Reef,5.2,GAPL,56,31,19,,,60,5,,,,,,,,,,,,,,,,,,,"Combo of BL/PL-100, top dead/side BL",0,0,60,5,0,1,
2016,4,04/16/16,Uva,Uva-Reef,5.5,GAPL,63,57,34,,,40,10,,,,,,,,,,,,,,,,,,,"Combo of BL/PL-40, top dead/side BL",0,0,40,10,0,1,
2016,4,04/16/16,Uva,Uva-Reef,5.8,PODA,40,38,14,,,,,,,,,,,,,,,,,,,,,,,"Combo of BL/PL-100,",0,0,0,0,0,,
2016,4,04/16/16,Uva,Uva-Reef,6.1,PODA,25,22,9,,,5,,,,,,,,,,,,,,,,,,,,"Combo of BL/PL-100,",0,0,5,0,0,,
2016,4,04/16/16,Uva,Uva-Reef,5.8,PODA,17,13,11,,,5,,,,,,,,,,,,,,,,,,,,"Combo of BL/PL-100,",0,0,5,0,0,,
2016,4,04/16/16,Uva,Uva-Reef,5.2,PODA,55,36,15,,,5,2,,,,,,,,,,,,,,,,,,,"Combo of BL/PL-100,",0,0,5,2,0,,
2016,4,04/16/16,Uva,Uva-Reef,5.2,PODA,26,22,15,,,,2,,,,,,,,,,,,,,,,,,,"Combo of BL/PL-100,",0,0,0,2,0,,
2016,4,04/16/16,Uva,Uva-Reef,5.2,PODA,52,44,21,,,10,5,,,,,,,,,,,,,,,,,,,"Combo of BL/PL-85,",0,0,10,5,0,,
2016,4,04/16/16,Uva,Uva-Reef,5.2,PODA,37,32,17,,,10,,,,,,,,,,,,,,,,,,,,"Combo of BL/PL-100,",0,0,10,0,0,,
2016,4,04/16/16,Uva,Uva-Reef,5.2,PAVA,53,50,40,,,40,20,,,,,,,,,,,,,,,,,,,"Combo of BL/PL-60, encrusting on GPLA",0,0,40,20,0,1,
2016,4,04/16/16,Uva,Uva-Reef,5.2,GAPL,47,22,26,,,50,5,,,,,,,,,,,,,,,,,,,"Combo of BL/PL-95,",0,0,50,5,0,1,
2016,4,04/16/16,Uva,Uva-Reef,5.2,PODA,44,34,12,,,5,5,,,,,,,,,,,,,,,,,,,"Combo of BL/PL-100,",0,0,5,5,0,,
2016,4,04/16/16,Uva,Uva-Reef,5.5,PODA,33,30,23,,,20,,,,,,,,,,,,,,,,,,,,"Combo of BL/PL-100,",0,0,20,0,0,,
2016,4,04/16/16,Uva,Uva-Reef,5.5,GAPL,69,54,44,,,40,10,,,,,,,,,,,,,,,,,,,"Combo of BL/PL-35, top dead",0,0,40,10,0,1,
2016,4,04/16/16,Uva,Uva-Reef,5.2,GAPL,97,52,40,,,40,10,,,,,,,,,,,,,,,,,,,"Combo of BL/PL-20, top dead",0,0,40,10,0,1,
2016,4,04/16/16,Uva,Uva-Reef,6.1,PAVA,21,21,23,,,30,10,,,,,,,,,,,,,,,,,,,"Combo of BL/PL-10, top dead",0,0,30,10,0,,
2016,4,04/16/16,Uva,Uva-Reef,5.2,POEL,48,32,21,,,15,5,,,,,,,,,,,,,,,,,,,"Combo of BL/PL-100,",0,0,15,5,0,,
2016,4,04/16/16,Uva,Uva-Reef,4.6,PODA,9,8,6,,,,5,,,,,,,,,,,,,,,,,,,"Combo of BL/PL-100,",0,0,0,5,0,,
2016,4,04/16/16,Uva,Uva-Reef,4.3,PACL,74,42,50,,,60,10,,,,,,,,,,,,,,,,,,,"Combo of BL/PL-100, top dead/side BL",0,0,60,10,0,1,
2016,4,04/16/16,Uva,Uva-Reef,4.3,PACL,69,41,23,,,90,10,,,,,,,,,,,,,,,,,,,"Combo of BL/PL-100, top with cyano",0,0,90,10,0,1,
2016,4,04/16/16,Uva,Uva-Reef,4.6,PAGI,21,17,11,,,20,5,,,,,,,,,,,,,,,,,,,"Combo of BL/PL-5, top with algae",0,0,20,5,0,,
2016,4,04/16/16,Uva,Uva-Reef,4.6,PAGI,14,11,9,,,30,10,,,,,,,,,,,,,,,,,,,"Combo of BL/PL-30, pale top",0,0,30,10,0,,
2016,4,04/16/16,Uva,Uva-Reef,3,POEL,100,48,44,,5,70,5,,,,,,,,,,,,,,,,,,,,0,5,70,5,0,1,
2016,4,04/16/16,Uva,Uva-Reef,3.7,POEL,42,32,26,,10,10,5,,,,,,,,,,,,,,,,,,,,0,10,10,5,0,,
2016,4,04/16/16,Uva,Uva-Reef,4.3,GAPL,19,16,13,100,,80,10,,,,,,,,,,,,,,,,,,,top death,100,0,80,10,1,1,1
2016,4,04/16/16,Uva,Uva-Reef,4,PACL,114,36,58,100,,90,5,,,,,,,,,,,,,,,,,,,,100,0,90,5,1,1,1
2016,4,04/16/16,Uva,Uva-Reef,4.6,GAPL,102,97,54,5,35,40,5,,,,,,,,,,,,,,,,,,,top dead,5,35,40,5,1,,
2016,4,04/16/16,Uva,Uva-Reef,4.6,PODA,23,23,22,,100,25,,,,,,,,,,,,,,,,,,,,,0,100,25,0,0,,
2016,4,04/16/16,Uva,Uva-Reef,4.6,PODA,20,16,13,100,,5,10,,,,,,,,,,,,,,,,,,,,100,0,5,10,1,,1
2016,4,04/16/16,Uva,Uva-Reef,3.4,PODA,36,26,22,95,5,10,,,,,,,,,,,,,,,,,,,,,95,5,10,0,1,,1
2016,4,04/16/16,Uva,Uva-Reef,3,POEL,34,34,18,,5,,,,,,,,,,,,,,,,,,,,,,0,5,0,0,0,,
2016,4,04/16/16,Uva,Uva-Reef,3,POLO,10,9,4,,10,,,,,,,,,,,,,,,,,,,,,,0,10,0,0,0,,
2016,4,04/16/16,Uva,Uva-Reef,3,POEL,44,37,32,,,,,,,,,,,,,,,,,,,,,,,,0,0,0,0,0,,
2016,4,04/16/16,Uva,Uva-Reef,3,POLO,8,8,4,,,10,,,,,,,,,,,,,,,,,,,,,0,0,10,0,0,,
2016,4,04/16/16,Uva,Uva-Reef,3.4,PAGI,11,6,7,,10,80,,,,,,,,,,,,,,,,,,,,,0,10,80,0,0,1,
2016,4,04/16/16,Uva,Uva-Reef,2.7,PAGI,8,4,3,,40,,,,,,,,,,,,,,,,,,,,,,0,40,0,0,0,,
2016,4,04/16/16,Uva,Uva-Reef,2.7,POLO,30,21,16,,100,10,,,,,,,,,,,,,,,,,,,,,0,100,10,0,0,,
2016,4,04/16/16,Uva,Uva-Reef,3,PAVA,58,52,36,5,60,30,10,,,,,,,,,,,,,,,,,,,,5,60,30,10,1,,
2016,4,04/16/16,Uva,Uva-Reef,3,PAGI,29,13,28,10,10,40,10,,,,,,,,,,,,,,,,,,,"vertical encrusting, covered with algae",10,10,40,10,1,1,
2016,4,04/16/16,Uva,Uva-Reef,3,PAGI,13,9,10,,,80,,,,,,,,,,,,,,,,,,,,,0,0,80,0,0,1,
2016,4,04/16/16,Uva,Uva-Reef,3,POEL,30,30,19,,100,,,,,,,,,,,,,,,,,,,,,,0,100,0,0,0,,
2016,4,04/16/16,Uva,Uva-Reef,3,PAVA,17,6,3,5,30,50,5,,,,,,,,,,,,,,,,,,,,5,30,50,5,1,1,
2016,4,04/16/16,Uva,Uva-Reef,3.4,PAVA,11,10,3,25,,10,10,,,,,,,,,,,,,,,,,,,,25,0,10,10,1,,1
2016,4,04/16/16,Uva,Uva-Reef,3.4,PAVA,60,41,8,,60,70,5,,,,,,,,,,,,,,,,,,,,0,60,70,5,0,1,
2016,4,04/17/16,Uva,Uva-Reef,9.8,PODA,23,13,9,,,65,,,,,,,,15,FIL,,,,,,,,,,,FIL = BOOD,0,0,65,0,0,1,
2016,4,04/17/16,Uva,Uva-Reef,9.8,PODA,11,6,5,,,85,,,,,,,,18,FIL,,,,,,,,,,,FIL = BOOD,0,0,85,0,0,1,
2016,4,04/17/16,Uva,Uva-Reef,6.1,PACL,225,125,115,10,80,30,20,4,,3,Sacap,,,3,FIL,,,,,,,,,,,Top dead,10,80,30,20,1,1,
2016,4,04/17/16,Uva,Uva-Reef,6.4,PAVA,70,25,80,,30,40,10,5,,1,Sacap,,,,,,,,,,,,,,,Vertically encrusting,0,30,40,10,0,1,
2016,4,04/17/16,Uva,Uva-Reef,6.4,PACL,47,40,17,,100,15,15,,,,,,,,,,,,,,,,,,,Top dead,0,100,15,15,0,,
2016,4,04/17/16,Uva,Uva-Reef,4,POPA,2.5,2,2,80,20,30,,,,,,,,,,,,,,,,,,,,In reef directly north of flat,80,20,30,0,1,,1
2016,4,04/17/16,Uva,Uva-Reef,4,POPA,2,1,1,80,20,,,,,,,,,,,,,,,,,,,,,In reef directly north of flat,80,20,0,0,1,,1
2016,4,04/17/16,Uva,Uva-Reef,1.5,POLO,50,45,30,,25,65,5,,,,,,,,,,,,,,,,,,,reef flat,0,25,65,5,0,1,
2016,4,04/17/16,Uva,Uva-Reef,5.3,GAPL,100,55,52,30,65,40,1,5,,1,Sacap,,,2,FIL,,,,,,,,,,,REC - Sacap,30,65,40,1,1,,1
2016,4,04/17/16,Uva,Uva-Reef,5.3,PAVA,100,30,32,1,40,65,,,,1,Sacap,,,,,,,,,,,,,,,SED 1,1,40,65,0,1,1,
2016,4,04/17/16,Uva,Uva-Reef,5.3,GAPL,72,52,52,30,69,70,,,,,,,,10,FIL,,,,,,,,,,,,30,69,70,0,1,1,1
2016,4,04/17/16,Uva,Uva-Reef,5.3,GAPL,94,48,55,50,45,50,1,2,,1,Sacap,,,2,FIL,,,,,,,,,,,REC - Sacap,50,45,50,1,1,1,1
2016,4,04/17/16,Uva,Uva-Reef,5.3,GAPL,70,35,22,25,70,75,,,,,,,,,,,,,,,,,,,,,25,70,75,0,1,1,1
2016,4,04/17/16,Uva,Uva-Reef,5.3,GAPL,32,18,11,5,90,75,,,,,,,,2,MACA tumor,,,,,,,,,,,,5,90,75,0,1,1,
2016,4,04/17/16,Uva,Uva-Reef,5.3,PAVA,20,14,15,5,45,70,,,,,,,,,,,,,,,,,,,,,5,45,70,0,1,1,
2016,4,04/17/16,Uva,Uva-Reef,5.3,GAPL,28,17,16,15,75,55,,,,,,,,,,,,,,,,,,,,,15,75,55,0,1,1,1
2016,4,04/17/16,Uva,Uva-Reef,5.3,GAPL,22,18,12,5,90,35,,,,,,,,,,,,,,,,,,,,,5,90,35,0,1,,
2016,4,04/17/16,Uva,Uva-Reef,5.3,GAPL,142,106,37,40,20,75,,2,,2,Sacap,,,3,FIL,,,,,,,,,,,white spo-like tumor 1,40,20,75,0,1,1,1
2016,4,04/17/16,Uva,Uva-Reef,5.3,GAPL,66,36,24,55,10,35,,,,,,,,,,,,,,,,,,,,,55,10,35,0,1,,1
2016,4,04/17/16,Uva,Uva-Reef,5.3,GAPL,36,35,30,70,15,50,1,1,,1,Sacap,,,,,,,,,,,,,,,REC - Sacap,70,15,50,1,1,1,1
2016,4,04/17/16,Uva,Uva-Reef,5.3,GAPL,33,33,16,35,10,50,,,,,,,,,,,,,,,,,,,,SED 1,35,10,50,0,1,1,1
2016,4,04/17/16,Uva,Uva-Reef,5.3,PAVA,31,23,18,25,15,60,,,,,,,,,,,,,,,,,,,,,25,15,60,0,1,1,1
2016,4,04/17/16,Uva,Uva-Reef,5.3,PAVA,28,18,7,5,40,80,,,,,,,,,,,,,,,,,,,,,5,40,80,0,1,1,
2016,4,04/17/16,Uva,Uva-Reef,5.3,PAVA,23,21,15,10,10,45,,,,,,,,,,,,,,,,,,,,,10,10,45,0,1,,
2016,4,04/17/16,Uva,Uva-Reef,5.3,PAVA,20,16,20,40,30,70,,,,,,,,,,,,,,,,,,,,,40,30,70,0,1,1,1
2016,4,04/17/16,Uva,Uva-Reef,5.3,PACL,92,70,50,7,85,40,,2,,1,Sacap,,,5,FIL,,,,,,,,,,,,7,85,40,0,1,,
2016,4,04/17/16,Uva,Uva-Reef,5.3,PACL,144,130,100,10,75,40,,,,2,Sacap,,,3,FIL,,,,,,,,,,,,10,75,40,0,1,,
2016,4,04/17/16,Uva,Uva-Reef,5.3,PACL,66,34,38,10,85,65,,,,,,,,,,,,,,,,,,,,,10,85,65,0,1,1,
2016,4,04/17/16,Uva,Uva-Reef,4.3,PAVA,15,12,9,10,45,65,,,,,,,,,,,,,,,,,,,,corallith,10,45,65,0,1,1,
2016,4,04/17/16,Uva,Uva-Reef,4.3,PAVA,19,12,5,2,,2,,,,,,,,,,,,,,,,,,,,,2,0,2,0,1,,
2016,4,04/17/16,Uva,Uva-Reef,4.9,PAVA,39,33,30,25,10,70,,,,,,,,3,FIL,,,,,,,,,,,,25,10,70,0,1,1,1
2016,4,04/17/16,Uva,Uva-Reef,7.3,PAVA,19,10,6,1,40,75,,,,,,,,,,,,,,,,,,,,,1,40,75,0,1,1,
2016,4,04/17/16,Uva,Uva-Reef,7.3,PAVA,23,22,17,30,40,80,,,,,,,,,,,,,,,,,,,,,30,40,80,0,1,1,1
2016,4,04/17/16,Uva,Uva-Reef,7.3,PAVA,24,22,12,5,15,80,,,,,,,,1,FIL,,,,,,,,,,,,5,15,80,0,1,1,
2016,4,04/17/16,Uva,Uva-Reef,7.9,GAPL,98,84,68,10,2,,2,,2,,,,,,,,,,,0,,,,,,,10,2,0,2,1,,
2016,4,04/17/16,Uva,Uva-Reef,7.3,GAPL,37,34,11,7,10,55,,,,,,,,,,,,,,,,,,,,,7,10,55,0,1,1,
2016,4,04/17/16,Uva,Uva-Reef,7.3,PAVA,50,29,34,2,40,60,,,,,,,,,,,,,,,,,,,,,2,40,60,0,1,1,
2016,4,04/17/16,Uva,Uva-Reef,9.1,POPA,6,4,5,,45,50,,,,,,,,,,,,,,,,,,,,corallith; buried - BL 55,0,45,50,0,0,1,
2016,4,04/17/16,Uva,Uva-Reef,9.1,PACL,115,72,62,60,10,50,,,,,,,,,,,,,,,,,,,,,60,10,50,0,1,1,1
2016,4,04/17/16,Uva,Uva-Reef,9.1,PAVA,13,8,7,,5,50,,,,,,,,,,,,,,,,,,,,,0,5,50,0,0,1,
2016,4,04/17/16,Uva,Uva-Reef,5.5,POLO,18,17,10,30,5,10,3,,,,,,,,,,,,,,,,,,,"REC - active, FIL growing over new mort/BL area",30,5,10,3,1,,1
2016,4,04/17/16,Uva,Uva-Reef,5.5,PACL,21,11,14,3,5,35,,,,,,,,,,,,,,,,,,,,,3,5,35,0,1,,
2016,4,04/17/16,Uva,Uva-Reef,5.5,PACL,32,30,16,7,20,10,,,,,,,,,,,,,,,,,,,,,7,20,10,0,1,,
2016,4,04/17/16,Uva,Uva-Reef,7,PAVA,60,24,29,50,50,30,,,,,,,,,,,,,,,,,,,,,50,50,30,0,1,,1
2016,4,04/17/16,Uva,Uva-Reef,7,PAVA,14,12,9,5,30,20,,,,,,,,,,,,,,,,,,,,Top Dead,5,30,20,0,1,,
2016,4,04/17/16,Uva,Uva-Reef,7,PACL,55,25,31,40,15,40,10,,,,,,,,,,,,,,,,,,,,40,15,40,10,1,1,1
2016,4,04/17/16,Uva,Uva-Reef,7,POEL,47,34,25,30,4,5,,,,,,,,,,,,,,,,,,,,,30,4,5,0,1,,1
2016,4,04/17/16,Uva,Uva-Reef,7,POEL,27,18,15,50,5,10,,,,,,,,,,,,,,,,,,,,,50,5,10,0,1,,1
2016,4,04/17/16,Uva,Uva-Reef,7,POLO,12,9,5,60,40,,,,,,,,,,,,,,,,,,,,,Top bleached,60,40,0,0,1,,1
2016,4,04/17/16,Uva,Uva-Reef,7.3,POLO,72,70,42,,,5,,,,,,,,,,,,,,,,,,,,,0,0,5,0,0,,
2016,4,04/17/16,Uva,Uva-Reef,7.9,PACH,23,18,1,85,15,,,,,,,,,,,,,,,,,,,,,,85,15,0,0,1,,1
2016,4,04/17/16,Uva,Uva-Reef,7.3,PACH,5,4,1,50,50,,,,,,,,,,,,,,,,,,,,,,50,50,0,0,1,,1
2016,4,04/17/16,Uva,Uva-Reef,7.3,PACH,36,21,1,,,,50,,,,,,,,,,,,,,,,,,,,0,0,0,50,0,1,
2016,4,04/17/16,Uva,Uva-Reef,7.3,PODA,42,31,27,25,50,20,5,,,,,,,,,,,,,,,,,,,,25,50,20,5,1,,1
2016,4,04/17/16,Uva,Uva-Reef,7.3,PODA,63,52,20,60,,15,,,,,,,,,,,,,,,,,,,,,60,0,15,0,1,,1
2016,4,04/17/16,Uva,Uva-Reef,6.7,POLO,30,20,14,40,20,30,10,,,,,,,,,,,,,,,,,,,,40,20,30,10,1,,1
2016,4,04/18/16,Uva,Uva-Reef,7,PODA,25,20,10,,,,,,,,,,,,,,,,,,,,,,,,0,0,0,0,0,,
2016,4,04/18/16,Uva,Uva-Reef,7.9,PODA,17,16,10,,100,5,,,,,,,,,,,,,,,,,,,,,0,100,5,0,0,,
2016,4,04/18/16,Uva,Uva-Reef,7.9,POEL,42,35,16,,98,40,5,,,,,,,,,,,,,,,,,,,,0,98,40,5,0,,
2016,4,04/18/16,Uva,Uva-Reef,7.9,PODA,48,40,20,50,25,80,,,,,,,,,,,,,,,,,,,,,50,25,80,0,1,1,1
2016,4,04/18/16,Uva,Uva-Reef,7.9,PODA,28,25,12,,50,20,,,,,,,,,,,,,,,,,,,,,0,50,20,0,0,,
2016,4,04/18/16,Uva,Uva-Reef,7.3,PODA,35,30,25,20,,,10,,,,,,,,,,,,,,,,,,,,20,0,0,10,1,,1
2016,4,04/18/16,Uva,Uva-Reef,4,PAGI,12,4,1,,20,20,5,,,,,,,,,,,,,,,,,,,,0,20,20,5,0,,
2016,4,04/18/16,Uva,Uva-Ridley,8.2,POLO,23,9,3,3,75,35,,,,,,,,,,,,,,,,,,,,,3,75,35,0,1,,
2016,4,04/18/16,Uva,Uva-Ridley,7.6,POLO,212,58,35,1,75,65,,,,,,,,,,,,,,,,,,,,,1,75,65,0,1,1,
2016,4,04/18/16,Uva,Uva-Ridley,7.6,PAGI,14,8,3,,,40,,,,,,,,,,,,,,,,,,,,,0,0,40,0,0,,
2016,4,04/18/16,Uva,Uva-Ridley,7.6,PACL,55,46,24,80,5,20,,,,,,,,,,1,,,,,,,,,,,80,5,20,0,1,,1
2016,4,04/18/16,Uva,Uva-Ridley,7.6,PACL,84,52,40,50,,30,7,,,,,,,1,FIL,1,,,,,,,,,,REC - 1 month old,50,0,30,7,1,,1
2016,4,04/18/16,Uva,Uva-Reef,2.7,PAVA,18,7,12,70,10,10,20,2,,1,Sacap,,,,,,,,,,,,,,,top; REC - bites,70,10,10,20,1,,1
2016,4,04/18/16,Uva,Uva-Reef,2.7,PAVA,34,28,12,15,10,65,10,,,,,,,,,,,,,,,,,,,top,15,10,65,10,1,1,1
2016,4,04/18/16,Uva,Uva-Reef,2.7,PAGI,110,67,70,,30,85,2,2,,1,Sacap,,,,,,,,,,,,,,,top; REC - bites,0,30,85,2,0,1,
2016,4,04/18/16,Uva,Uva-Reef,2.7,PAGI,45,38,50,,15,65,,,,,,,,,,,,,,,,,,,,,0,15,65,0,0,1,
2016,4,04/18/16,Uva,Uva-Reef,2.7,PAVA,20,13,15,80,5,75,5,,,,,,,,,,,,,,,,,,,top,80,5,75,5,1,1,1
2016,4,04/18/16,Uva,Uva-Reef,2.7,PAVA,20,18,15,4,,85,,,,,,,,,,,,,,,,,,,,top,4,0,85,0,1,1,
2016,4,04/18/16,Uva,Uva-Reef,2.7,PAVA,34,20,18,10,,80,,,,,,,,,,,,,,,,,,,,top,10,0,80,0,1,1,
2016,4,04/18/16,Uva,Uva-Reef,2.7,PAVA,36,21,18,50,15,65,8,,,,,,,,,,,,,,,,,,,top,50,15,65,8,1,1,1
2016,4,04/18/16,Uva,Uva-Reef,2.7,GAPL,110,95,160,20,4,30,10,10,,3,Sacap,,,,,,,,,,,,,,,top; REC - bites,20,4,30,10,1,,1
2016,4,04/18/16,Uva,Uva-Reef,3.4,PACL,45,40,30,50,20,40,15,10,,1,Sacap,,,,,,,,,,,,,,,top; REC - bites,50,20,40,15,1,1,1
2016,4,04/18/16,Uva,Uva-Reef,3.4,PAGI,20,16,16,,30,27,,,,,,,,,,,,,,,,,,,,top; 10 Huppnea,0,30,27,0,0,,
2016,4,04/18/16,Uva,Uva-Reef,4.9,POPA,8,7,7,7,45,7,,,,,,,,1,FIL,,,,,,,,,,,,7,45,7,0,1,,
2016,4,04/18/16,Uva,Uva-Reef,4.3,PACL,55,42,29,10,80,75,1,,,1,Sacap,,,3,FIL,,,,,,,,,,,REC - FIL around new mort,10,80,75,1,1,1,
2016,4,04/18/16,Uva,Uva-Reef,4.6,PAVA,36,23,28,5,50,90,,,,,,,,7,FIL,,,,,,,,,,,,5,50,90,0,1,1,
2016,4,04/18/16,Uva,Uva-Reef,4.6,PAVA,48,18,16,15,15,50,,,,,,,,3,FIL,,,,,,,,,,,,15,15,50,0,1,1,1
2016,4,04/18/16,Uva,Uva-Reef,4.6,PAVA,39,37,25,4,70,65,,,,1,Sacap,,,4,FIL,,,,,,,,,,,,4,70,65,0,1,1,
2016,4,04/18/16,Uva,Uva-Reef,4.3,PAGI,21,20,11,,5,30,,,,,,,,2,FIL,,,,,,,,,,,DICT 3,0,5,30,0,0,,
2016,4,04/18/16,Uva,Uva-Reef,3.7,PAGI,10,10,9,,3,35,,,,,,,,,,,,,,,,,,,,,0,3,35,0,0,,
2016,4,04/18/16,Uva,Uva-Reef,6.7,GAPL,60,55,31,5,65,30,,,,,,,,1,FIL,,,,,,,,,,,,5,65,30,0,1,,
2016,4,04/18/16,Uva,Uva-Reef,6.7,PACL,30,23,29,15,10,7,,,,,,,,2,FIL,,,,,,,,,,,SED 1,15,10,7,0,1,,1
2016,4,04/18/16,Uva,Uva-Reef,6.7,PACL,23,13,14,3,7,30,,,,,,,,1,FIL,,,,,,,,,,,,3,7,30,0,1,,
2016,4,04/18/16,Uva,Uva-Reef,6.7,GAPL,22,21,14,,95,75,,,,,,,,2,FIL,,,,,,,,,,,,0,95,75,0,0,1,
2016,4,04/18/16,Uva,Uva-Reef,6.7,PAVA,37,12,10,1,2,25,,,,,,,,,,,,,,,,,,,,,1,2,25,0,1,,
2016,4,04/18/16,Uva,Uva-Reef,7.6,PAVA,15,14,8,,70,20,,,,,,,,2,FIL,,,,,,,,,,,,0,70,20,0,0,,
2016,4,04/18/16,Uva,Uva-Reef,7.6,GAPL,130,86,60,10,2,15,,,,2,Sacap,,,1,FIL,,,,,,,,,,,,10,2,15,0,1,,
2016,4,04/18/16,Uva,Uva-Reef,6.7,PAGI,19,13,8,1,25,30,,,,,,,,1,FIL,,,,,,,,,,,,1,25,30,0,1,,
2016,4,04/19/16,Silva de Afuera,Wahoo Rock,6.1,POLO,7,6,10,,10,,,,,,,,,,,,,,,,,,,,,,0,10,0,0,0,,
2016,4,04/19/16,Silva de Afuera,Wahoo Rock,6.1,POEL,22,20,10,5,20,,,,,,,,,,,,,,,,,,,,,,5,20,0,0,1,,
2016,4,04/19/16,Silva de Afuera,Wahoo Rock,5.5,POEL,45,40,20,,,65,,,,,,,,5,FIL,,,,,,,,,,,,0,0,65,0,0,1,
2016,4,04/19/16,Silva de Afuera,Wahoo Rock,5.2,POLO,55,30,35,,,65,5,5,,,,,,,,,,,,,,,,,,REC - bites,0,0,65,5,0,1,
2016,4,04/19/16,Silva de Afuera,Wahoo Rock,4.6,POEL,100,75,30,15,10,70,8,,,,,,,,,,,,,,,,,,,,15,10,70,8,1,1,1
2016,4,04/19/16,Silva de Afuera,Wahoo Rock,4.6,POEL,65,45,28,15,10,10,7,,,,,,,,,,,,,,,,,,,REC -  SPO (7),15,10,10,7,1,,1
2016,4,04/19/16,Silva de Afuera,Wahoo Rock,8.8,POEL,53,47,17,95,3,20,20,,,1,Sacap,,,,,,,,,,,,,,,REC - FIL around new mort,95,3,20,20,1,,1
2016,4,04/19/16,Silva de Afuera,Wahoo Rock,7,POLO,29,19,16,,30,10,,7,,,,,,,,,,,,,,,,,,,0,30,10,0,0,,
2016,4,04/19/16,Silva de Afuera,Wahoo Rock,7.3,PACL,18,14,19,30,30,40,,,,,,,,2,FIL,,,,,,,,,,,,30,30,40,0,1,,1
2016,4,04/19/16,Silva de Afuera,Reef,4.6,GAPL,12,8,6,,20,5,,,,,,,,,,,,,,,,,,,,,0,20,5,0,0,,
2016,4,04/19/16,Silva de Afuera,Reef,4.9,PAGI,21,16,15,,30,65,,,,,,,,2,FIL,,,,,,,,,,,buried - BL 10; top - PL,0,30,65,0,0,1,
2016,4,04/19/16,Silva de Afuera,Reef,6.1,PAVA,5,3,4,,95,45,,,,,,,,1,FIL,,,,,,,,,,,,0,95,45,0,0,,
2016,4,04/19/16,Silva de Afuera,Reef,4.3,PACL,93,55,50,3,70,75,,,,1,Sacap,,,1,FIL,,,,,,,,,,,,3,70,75,0,1,1,
2016,4,04/19/16,Silva de Afuera,Reef,3,PACL,122,116,43,3,80,70,,,,1,Sacap,,,2,FIL,,,,,,,,,,,Sacap nest,3,80,70,0,1,1,
2016,4,04/19/16,Silva de Afuera,Reef,3,PAVA,51,24,15,2,5,70,,,,,,,,,,,,,,,,,,,,SED 1,2,5,70,0,1,1,
2016,4,04/19/16,Silva de Afuera,Reef,3,PAVA,18,4,14,,2,55,,,,,,,,1,FIL,,,,,,,,,,,SED 1,0,2,55,0,0,1,
2016,4,04/19/16,Silva de Afuera,Reef,3.4,PACL,296,205,150,5,35,35,1,,,3,Sacap,,,2,FIL,,,,,,,,,,,REC - FIL around new mort,5,35,35,1,1,,
2016,4,04/19/16,Silva de Afuera,Reef,3.4,PAGI,15,10,2,,2,10,,,,,,,,1,FIL,,,,,,,,,,,"In shade, within previous PCLA structure",0,2,10,0,0,,
2016,4,04/20/16,Secas,Dog,4,POEY,45,35,20,,2,,4,,,,,,,1,FIL,,,,,,,,,,,"REC - unk, FIL around new mort",0,2,0,4,0,,
2016,4,04/20/16,Secas,Dog,3.7,PAGI,7,7,7,,15,10,2,,,,,,,5,FIL,,,,,,,,,,,REC - 1.5 months,0,15,10,2,0,,
2016,4,04/20/16,Secas,Dog,3.4,POEL,23,23,14,5,,2,,1,,,,,,,,,,,,,,,,,,,5,0,2,0,1,,
2016,4,04/20/16,Secas,Dog,3.4,POEL,54,32,25,2,40,2,1,,,,,,,3,FIL,,,,,,,,,,,REC - FIL,2,40,2,1,1,,
2016,4,04/20/16,Secas,Dog,1.2,POLO,60,55,25,,,20,,7,,,,,,1,FIL,,,,,,,,,,,,0,0,20,0,0,,
2016,4,04/20/16,Secas,Dog,4,POLO,16,12,4,,40,5,,1,,,,,,1,FIL,,,,,,,,,,,,0,40,5,0,0,,
2016,4,04/20/16,Secas,Dog,4,PAGI,16,14,13,1,45,15,,,,,,,,1,FIL,,,,,,,,,,,,1,45,15,0,1,,
2016,4,04/20/16,Secas,Dog,4,POPA,9,6,5,,35,10,,,,,,,,35,MACA,,,,,,,,,,,SED 1; buried - BL 10; top - PL,0,35,10,0,0,,
2016,4,04/20/16,Secas,Dog,4.3,POPA,7,7,6,,10,,,,,,,,,,,,,,,,,,,,,buried - BL 10; top - PL,0,10,0,0,0,,
2016,4,04/20/16,Secas,Dog,4.6,POLO,6,6,5,,90,35,,,,,,,,5,FIL,,,,,,,,,,,,0,90,35,0,0,,
2016,4,04/20/16,Secas,Dog,4,PAGI,15,12,8,,10,20,,,,,,,,1,FIL,,,,,,,,,,,,0,10,20,0,0,,
2016,4,04/20/16,Secas,Dog,4.3,PACL,25,21,22,,15,30,,,,,,,,3,FIL,,,,,,,,,,,,0,15,30,0,0,,
2016,4,04/20/16,Secas,Dog,4.3,POLO,9,8,6,,80,2,,10,,,,,,,,,,,,,,,,,,,0,80,2,0,0,,
2016,4,04/20/16,Secas,Dog,2.4,PODA,14,13,9,,,5,,,,,,,,,,,,,,,,,,,,,0,0,5,0,0,,
2016,4,04/20/16,Secas,Dog,2.7,PODA,10,10,8,2,90,2,,,,,,,,,,,,,,,,,,,,,2,90,2,0,1,,
2016,4,04/20/16,Secas,Dog,2.4,PODA,15,13,9,,,7,,,,,,,,3,FIL,,,,,,,,,,,,0,0,7,0,0,,
2016,4,04/20/16,Secas,Dog,2.7,POEL,17,15,11,2,,2,,,,,,,,1,FIL,,,,,,,,,,,,2,0,2,0,1,,
2016,4,04/20/16,Secas,Dog,2.7,PODA,10,10,7,,,,,,,,,,,3,FIL,,,,,,,,,,,,0,0,0,0,0,,
2016,4,04/20/16,Secas,Dog,4.6,POLO,107,94,40,50,35,75,,,,,,,,3,FIL,,,,,,,,,,,,50,35,75,0,1,1,1
2016,4,04/20/16,Secas,Dog,4,PODA,17,13,10,,40,2,,,,,,,,2,FIL,,,,,,,,,,,,0,40,2,0,0,,
2016,4,04/20/16,Secas,Dog,4,PODA,16,15,9,,60,2,,4,,,,,,1,FIL,,,,,,,,,,,,0,60,2,0,0,,
2016,4,04/20/16,Secas,Dog,3.4,POEL,17,10,10,,15,,,,,,,,,1,FIL,,,,,,,,,,,,0,15,0,0,0,,
2016,4,04/20/16,Secas,Dog,3.7,PODA,12,9,6,,100,5,,2,,,,,,,,,,,,,,,,,,,0,100,5,0,0,,
2016,4,04/20/16,Secas,Dog,4,PODA,19,13,11,,40,25,1,7,,,,,,20,FIL,,,,,,,,,,,REC - FIL,0,40,25,1,0,,
2016,4,04/20/16,Secas,Dog,4,POEL,40,25,13,,20,2,,,,,,,,7,FIL,,,,,,,,,,,,0,20,2,0,0,,
2016,4,04/20/16,Secas,Dog,4,POEL,14,12,9,,10,,,2,,,,,,10,FIL,,,,,,,,,,,,0,10,0,0,0,,
2016,4,04/20/16,Secas,Dog,3.4,PODA,23,22,12,2,90,5,,,,,,,,7,FIL,,,,,,,,,,,,2,90,5,0,1,,
2016,4,04/20/16,Secas,Dog,3,POEL,22,22,11,,,2,,,,,,,,7,FIL,,,,,,,,,,,,0,0,2,0,0,,
2016,4,04/20/16,Secas,Dog,3.4,POEL,39,35,19,,5,2,,1,,,,,,3,FIL,,,,,,,,,,,,0,5,2,0,0,,
2016,4,04/20/16,Secas,Dog,3.7,PODA,21,15,12,,5,5,,1,,1,Sacap,,,,,,,,,,,,,,,,0,5,5,0,0,,
2016,4,04/20/16,Secas,Dog,3.7,POEL,16,15,9,1,98,2,,,,,,,,2,FIL,,,,,,,,,,,,1,98,2,0,1,,
2016,4,04/20/16,Secas,Dog,4,PODA,16,10,10,2,,5,,,,,,,,2,FIL,,,,,,,,,,,,2,0,5,0,1,,
2016,4,04/20/16,Secas,Dog,4.3,POEL,58,45,35,,,25,2,2,,,,,,1,FIL,,,,,,,,,,,,0,0,25,2,0,,
2016,4,04/20/16,Secas,Dog,4.3,POEL,52,46,35,,2,40,,,,,,,,2,FIL,,,,,,,,,,,,0,2,40,0,0,,
2016,4,04/20/16,Secas,Dog,4,POEL,41,39,32,1,5,30,,,,,,,,3,FIL,,,,,,,,,,,,1,5,30,0,1,,
2016,4,04/20/16,Secas,Dog,3.7,POEL,38,35,25,,5,5,,1,,,,,,,,,,,,,,,,,,,0,5,5,0,0,,
2016,4,04/20/16,Secas,Dog,4,POEY,41,31,16,,,,,,,,,,,1,FIL,,,,,,,,,,,,0,0,0,0,0,,
2016,4,04/20/16,Secas,Dog,4,POEY,23,21,16,7,,2,,7,,,,,,1,FIL,,,,,,,,,,,,7,0,2,0,1,,
2016,4,04/20/16,Secas,Dog,4,POEY,24,22,17,7,,,,7,,,,,,,,,,,,,,,,,,,7,0,0,0,1,,
2016,4,04/20/16,Secas,Dog,4,PAGI,110,110,70,,20,55,,5,,1,Sacap,,,1,FIL,,,,,,,,,,,"buried - BL 2, REC 2; top - PL",0,20,55,0,0,1,
2016,4,04/20/16,Secas,Dog,7.6,POEL,42,25,19,,,10,,,,,,,,,,,,,,,,,,,,,0,0,10,0,0,,
2016,4,04/20/16,Secas,Dog,7.6,PODA,34,30,28,,,20,,,,,,,,,,,,,,,,,,,,,0,0,20,0,0,,
2016,4,04/20/16,Secas,Dog,7.6,PODA,15,8,10,,,2,,,,,,,,,,,,,,,,,,,,,0,0,2,0,0,,
2016,4,04/20/16,Secas,Dog,7.6,PODA,28,18,15,,,5,,,,,,,,,,,,,,,,,,,,,0,0,5,0,0,,
2016,4,04/20/16,Secas,Dog,7.6,PODA,20,11,13,,,80,20,,,,,,,,,,,,,,,,,,,,0,0,80,20,0,1,
2016,4,04/20/16,Secas,Dog,7.6,PODA,31,20,14,,,5,,,,,,,,,,,,,,,,,,,,,0,0,5,0,0,,
2016,4,04/20/16,Secas,Dog,7.6,PODA,27,22,11,,,5,,,,,,,,,,,,,,,,,,,,,0,0,5,0,0,,
2016,4,04/20/16,Secas,Dog,7.6,PODA,17,11,13,,,20,70,,,,,,,,,,,,,,,,,,,,0,0,20,70,0,1,
2016,4,04/20/16,Secas,Dog,7.9,POEL,24,21,13,30,15,,,,,,,,,,,,,,,,,,,,,,30,15,0,0,1,,1
2016,4,04/20/16,Secas,Dog,5.5,PAVA,7,5,4,,5,20,,,,,,,,,,,,,,,,,,,,,0,5,20,0,0,,
2016,4,04/20/16,Secas,Dog,4.3,POLO,41,32,32,,30,5,,,,,,,,,,,,,,,,,,,,,0,30,5,0,0,,
2016,4,04/20/16,Secas,Dog,8.5,PODA,10,8,12,,,15,,,,,,,,,,,,,,,,,,,,,0,0,15,0,0,,
2016,4,04/20/16,Secas,Dog,8.5,POEL,43,35,27,,,5,,,,,,,,,,,,,,,,,,,,,0,0,5,0,0,,
2016,4,04/20/16,Secas,Dog,8.5,POEL,20,18,17,,,10,,,,,,,,,,,,,,,,,,,,,0,0,10,0,0,,
2016,4,04/20/16,Secas,Dog,8.5,POEL,40,38,22,,,,,,,,,,,,,,,,,,,,,,,,0,0,0,0,0,,
2016,4,04/20/16,Secas,Dog,8.5,POEL,50,30,20,,4,60,,,,,,,,,,,,,,,,,,,,Black SPO 5,0,4,60,0,0,1,
2016,4,04/20/16,Secas,Dog,8.5,PODA,40,32,12,,,6,,,,,,,,,,,,,,,,,,,,,0,0,6,0,0,,
2016,4,04/20/16,Secas,Dog,8.5,PODA,36,28,14,,,15,4,,,,,,,,,,,,,,,,,,,REC - Black SPO 4,0,0,15,4,0,,
2016,4,04/20/16,Secas,Dog,8.5,PODA,24,12,22,,,,,,,,,,,,,,,,,,,,,,,,0,0,0,0,0,,
2016,4,04/20/16,Secas,Dog,8.5,PODA,41,38,18,,,25,,,,,,,,6,FIL,,,,,,,,,,,,0,0,25,0,0,,
2016,4,04/20/16,Secas,Dog,8.5,PODA,26,19,12,,,,,,,,,,,10,FIL,,,,,,,,,,,,0,0,0,0,0,,
2016,4,04/20/16,Secas,Dog,8.5,PODA,30,22,6,,,20,,,,,,,,8,FIL,,,,,,,,,,,,0,0,20,0,0,,
2016,4,04/20/16,Secas,Dog,8.5,PODA,30,27,18,,,80,,,,,,,,5,FIL,,,,,,,,,,,,0,0,80,0,0,1,
2016,4,04/20/16,Secas,Dog,8.5,PODA,35,35,12,,,4,,,,,,,,,,,,,,,,,,,,,0,0,4,0,0,,
2016,4,04/20/16,Secas,Dog,8.5,PODA,18,12,15,,,65,,,,,,,,,,,,,,,,,,,,,0,0,65,0,0,1,
2016,4,04/20/16,Secas,Dog,8.5,PODA,36,24,10,,,15,4,,,,,,,,,,,,,,,,,,,Black SPO 4,0,0,15,4,0,,
2016,4,04/20/16,Secas,Dog,6.1,POPA,17,8,7,5,45,75,2,,,,,,,2,FIL,,,,,,,,,,,REC - FIL around new mort,5,45,75,2,1,1,
2016,4,04/20/16,Secas,Dog,5.5,PAGI,6,5,2,,40,7,,,,,,,,2,FIL,,,,,,,,,,,,0,40,7,0,0,,
2016,4,04/20/16,Secas,Dog,4.9,PSST,5,5,2,10,,50,,,,,,,,7,FIL,,,,,,,,,,,,10,0,50,0,1,1,
2016,4,04/20/16,Secas,Dog,4.9,PACL,47,35,33,40,15,75,,1,,,,,,2,FIL,,,,,,,,,,,,40,15,75,0,1,1,1
2016,4,04/20/16,Secas,Dog,4.6,POLO,17,14,12,,15,85,,,,,,,,1,FIL,,,,,,,,,,,DICT 1,0,15,85,0,0,1,
2016,4,04/20/16,Secas,Dog,4,POLO,22,18,17,,,5,,10,,,,,,2,FIL,,,,,,,,,,,,0,0,5,0,0,,
2016,4,04/20/16,Secas,Dog,4,POLO,87,72,62,1,,25,1,,,1,Sacap,,,15,FIL,,,,,,,,,,,REC - FIL around new mort,1,0,25,1,1,,
2016,4,04/20/16,Secas,Dog,3.7,PAGI,21,17,14,,40,35,,,,,,,,5,FIL,,,,,,,,,,,,0,40,35,0,0,,
2016,4,04/20/16,Secas,Dog,4,PACL,47,45,24,25,15,80,,,,,,,,4,FIL,,,,,,,,,,,top dead,25,15,80,0,1,1,1
2016,4,04/20/16,Secas,Dog,4,POLO,40,33,13,,,12,2,,,,,,,1,FIL,,,,,,,,,,,REC - PDAM competition?,0,0,12,2,0,,
2016,4,04/20/16,Secas,Dog,4.3,PACL,21,18,10,,75,70,,,,,,,,2,FIL,,,,,,,,,,,,0,75,70,0,0,1,
2016,4,04/20/16,Secas,Dog,4.9,POLO,38,28,22,,50,55,,1,,1,Sacap,,,2,FIL,,,,,,,,,,,,0,50,55,0,0,1,
2016,4,04/20/16,Secas,Dog,6.7,PACL,34,26,30,,,95,,,,,,,,,,,,,,,,,,,,,0,0,95,0,0,1,
2016,4,04/20/16,Secas,Dog,4.6,PAGI,13,12,15,,,30,,,,,,,,,,,,,,,,,,,,corallith,0,0,30,0,0,,
2016,4,04/20/16,Secas,Dog,4.6,POLO,5,4,5,,,,,,,,,,,,,,,,,,,,,,,,0,0,0,0,0,,
2016,4,04/20/16,Secas,Dog,4.6,PAGI,7,6,8,,,30,,,,,,,,,,,,,,,,,,,,,0,0,30,0,0,,
2016,4,04/20/16,Secas,Dog,4.6,POLO,18,12,12,,,60,,3,,,,,,,,,,,,,,,,,,CYANO 60,0,0,60,0,0,1,
2016,4,04/20/16,Secas,Dog,4.6,PAGI,17,15,16,,,85,,,,,,,,,,,,,,,,,,,,only sides alive,0,0,85,0,0,1,
2016,4,04/20/16,Secas,Dog,4.6,POLO,35,30,33,,,6,,,,,,,,,,,,,,,,,,,,,0,0,6,0,0,,
2016,4,04/20/16,Secas,Dog,4.6,PAGI,20,18,18,,,80,,,,,,,,,,,,,,,,,,,,corallith,0,0,80,0,0,1,
2016,4,04/20/16,Secas,Dog,4.6,PACL,24,20,19,15,20,30,,,,,,,,,,,,,,,,,,,,top dead;CYANO 20,15,20,30,0,1,,1
2016,4,04/20/16,Secas,Dog,4.6,PACL,115,100,100,10,25,50,5,,,,,,,,,,,,,,,,,,,top dead,10,25,50,5,1,1,
2016,4,04/20/16,Secas,Dog,4,POLO,50,40,40,,,75,,,,,,,,,,,,,,,,,,,,,0,0,75,0,0,1,
2016,4,04/20/16,Secas,Dog,3.7,PACL,60,45,45,10,20,65,,,,,,,,,,,,,,,,,,,,top dead,10,20,65,0,1,1,
2016,4,04/20/16,Secas,Dog,3.7,PACL,19,18,20,,25,,,,,,,,,,,,,,,,,,,,,top dead,0,25,0,0,0,,
2016,4,04/20/16,Secas,Dog,3.7,POLO,36,30,30,,,4,,,,,,15,,,,,,,,,,,,,,,0,0,4,0,0,,
2016,4,04/21/16,Uva,Uva-Ridley,9.4,POLO,38,26,19,2,,20,,2,,,,,,1,FIL,,,,,,,,,,,,2,0,20,0,1,,
2016,4,04/21/16,Uva,Uva-Ridley,8.8,POLO,41,32,12,,90,15,,,,,,,,1,FIL,,,,,,,,,,,SED 1; A. Palacio tag 344,0,90,15,0,0,,
2016,4,04/21/16,Uva,Uva-Ridley,8.8,PODA,50,30,19,,15,40,2,,,,,,,1,FIL,,,,,,,,,,,REC - ciliates on new mort on tips,0,15,40,2,0,,
2016,4,04/21/16,Uva,Uva-Ridley,9.8,PODA,32,31,13,20,55,65,2,,,,,,,2,FIL,,,,,,,,,,,REC - FIL around new mort,20,55,65,2,1,1,1
2016,4,04/21/16,Uva,Uva-Ridley,9.4,POLO,34,32,19,3,60,30,,1,,,,,,,,,,,,,,,,,,SED 1,3,60,30,0,1,,
2016,4,04/21/16,Uva,Uva-Ridley,9.1,PACL,37,37,20,2,20,65,,,,,,,,1,FIL,,,,,,,,,,,,2,20,65,0,1,1,
2016,4,04/21/16,Uva,Uva-Ridley,8.8,PACL,10,10,2,15,50,25,,,,,,,,1,FIL,,,,,,,,,,,,15,50,25,0,1,,1
2016,4,04/21/16,Uva,Uva-Ridley,7.3,POLO,34,28,22,7,85,30,,2,,,,,,1,FIL,,,,,,,,,,,DICT 1; SED 1,7,85,30,0,1,,
2016,4,04/21/16,Uva,Uva-Ridley,7.6,PACL,72,48,38,60,5,20,7,,,,,,,1,FIL,,,,,,,,,,,SED 1,60,5,20,7,1,,1
2016,4,04/21/16,Uva,Uva-Ridley,3.7,POEL,15,15,10,,75,2,,1,,,,,,,,1,,,,,,,,,,,0,75,2,0,0,,
2016,4,04/21/16,Uva,Uva-Ridley,4,POEL,22,22,15,10,85,5,,7,,,,,,,,,,,,,,,,,,,10,85,5,0,1,,
2016,4,04/21/16,Uva,Uva-Ridley,2.7,POEL,20,17,9,,7,2,,,,,,,,,,,,,,,,,,,,PL - tips,0,7,2,0,0,,
2016,4,04/21/16,Uva,Uva-Ridley,4,POEL,14,12,14,2,,7,,3,,,,,,,,,,,,,,,,,,BL - extension of BITES,2,0,7,0,1,,
2016,4,04/21/16,Uva,Uva-Ridley,3,POLO,56,35,21,1,75,50,1,2,,,,,,2,FIL,,,,,,,,,,,DICT 2; BL - DICT; REC - DICT with BL around,1,75,50,1,1,1,
2016,4,04/21/16,Uva,Uva-Ridley,3,POLO,27,22,20,15,80,5,,3,,,,,,1,FIL,,,,,,,,,,,,15,80,5,0,1,,1
2016,4,04/21/16,Uva,Uva-Ridley,3.4,POLO,15,13,10,50,50,65,1,2,,,,,,,,,,,,,,,,,,REC - from BL?,50,50,65,1,1,1,1
2016,4,04/21/16,Uva,Uva-Ridley,3.4,POLO,23,15,13,7,80,45,,,,,,,,2,FIL,,,,,,,,,,,,7,80,45,0,1,,
2016,4,04/21/16,Uva,Uva-Ridley,3,POLO,61,59,26,15,60,40,3,1,,,,,,2,FIL,,,,,,,,,,,REC - from BL?,15,60,40,3,1,,1
2016,4,04/21/16,Uva,Uva-Ridley,3,POEL,19,15,13,,,7,1,,,,,,,1,FIL,,,,,,,,,,,DICT 2; REC - tips with FIL,0,0,7,1,0,,
2016,4,04/21/16,Uva,Uva-Ridley,3.4,POEL,20,19,15,2,35,10,,,,,,,,1,FIL,,,,,,,,,,,BL - tips,2,35,10,0,1,,
2016,4,04/21/16,Uva,Uva-Ridley,3.4,POEL,55,54,25,2,50,40,,3,,,,,,1,FIL,,,,,,,,,,,BL - tips,2,50,40,0,1,,
2016,4,04/21/16,Uva,Uva-Ridley,3,POLO,38,30,21,2,40,45,3,,,,,,,1,FIL,,,,,,,,,,,REC - from BL?,2,40,45,3,1,,
2016,4,04/21/16,Uva,Uva-Ridley,3,POLO,54,38,24,2,70,55,1,2,,,,,,,,,,,,,,,,,,REC - from BL?,2,70,55,1,1,1,
2016,4,04/21/16,Uva,Uva-Ridley,3,GAPL,63,34,38,75,20,,,,,,,,,5,FIL,,,,,,,,,,,BL/PL - sides only,75,20,0,0,1,,1
2016,4,04/21/16,Uva,Uva-Ridley,4.6,PODA,14,8,12,3,95,5,,,,,,,,,,,,,,,,,,,,buried - BL 2; top - BL 3,3,95,5,0,1,,
2016,4,04/21/16,Uva,Uva-Ridley,4.3,PODA,8,7,6,15,50,5,,,,,,,,,,,,,,,,,,,,buried - BL 5; top - BL 15,15,50,5,0,1,,1
2016,4,04/21/16,Uva,Uva-Ridley,4.3,PODA,12,9,14,10,40,60,,,,,,,,1,FIL,,,,,,,,,,,buried - BL 10; top - BL 10,10,40,60,0,1,1,
2016,4,04/21/16,Uva,Uva-Ridley,4.6,PODA,19,18,15,5,50,,,10,,,,,,,,,,,,,,,,,,,5,50,0,0,1,,
2016,4,04/21/16,Uva,Uva-Ridley,3.7,PODA,16,16,10,,100,5,1,20,,,,,,,,,,,,,,,,,,REC - UNK,0,100,5,1,0,,
2016,4,04/21/16,Uva,Uva-Ridley,3.4,PODA,12,10,11,,100,2,,2,,,,,,,,,,,,,,,,,,,0,100,2,0,0,,
2016,4,04/21/16,Uva,Uva-Ridley,3.4,PODA,12,10,10,25,75,2,,,,,,,,5,FIL,,,,,,,,,,,,25,75,2,0,1,,1
2016,4,04/21/16,Uva,Uva-Ridley,3.4,PODA,12,12,12,5,95,2,,,,,,,,3,FIL,,,,,,,,,,,,5,95,2,0,1,,
2016,4,04/21/16,Uva,Uva-Ridley,3.7,PODA,6,6,4,20,50,2,,,,,,,,1,FIL,,,,,,,,,,,buried - BL 5; top - BL 20,20,50,2,0,1,,1
2016,4,04/21/16,Uva,Uva-Ridley,4,PODA,7,6,5,,75,5,,,,,,,,1,FIL,,,,,,,,,,,buried - BL 2,0,75,5,0,0,,
2016,4,04/21/16,Uva,Uva-Ridley,3.4,PODA,21,20,14,1,75,3,,,,,,,,3,FIL,,,,,,,,,,,,1,75,3,0,1,,
2016,4,04/21/16,Uva,Uva-Ridley,7.3,POEL,35,23,24,,70,85,,,,,,,,1,FIL,,,,,,,,,,,"buried - BL 10, REC 3, PL 5; top - PL 70",0,70,85,0,0,1,
2016,4,04/21/16,Uva,Uva-Ridley,7.6,POEL,17,12,19,,45,35,,,,,,,,1,FIL,,,,,,,,,,,"buried - BL 2, REC 2, PL 5; top - PL 45",0,45,35,0,0,,
2016,4,04/21/16,Uva,Uva-Ridley,7.6,POEL,42,30,24,,20,75,,,,,,,,1,FIL,,,,,,,,,,,"buried - BL 25, REC 2, PL 5; top - PL 20",0,20,75,0,0,1,
2016,4,04/21/16,Uva,Uva-Ridley,7,POEL,22,21,15,,85,40,1,,,,,,,1,FIL,,,,,,,,,,,"buried - BL 2, REC 2, PL 5; top - REC 1, PL 85",0,85,40,1,0,,
2016,4,04/21/16,Uva,Uva-Reef,8.8,PACL,46,30,30,20,50,60,,,,,,,,,,,,,,,,,,,,,20,50,60,0,1,1,1
2016,4,04/21/16,Uva,Uva-Reef,6.7,PACL,46,19,36,50,50,10,,,,,,,,,,,,,,,,,,,,,50,50,10,0,1,,1
2016,4,04/21/16,Uva,Uva-Reef,7,PACL,39,47,36,80,20,30,,,,,,,,,,,,,,,,,,,,,80,20,30,0,1,,1
2016,4,04/21/16,Uva,Uva-Reef,7.3,PACL,38,20,10,,100,70,,,,,,,,,,,,,,,,,,,,,0,100,70,0,0,1,
2016,4,04/21/16,Uva,Uva-Reef,6.7,PACL,77,62,54,50,50,40,,,,,,,,,,,,,,,,,,,,,50,50,40,0,1,,1
2016,4,04/21/16,Uva,Uva-Ridley,9.8,POEL,33,25,12,,,,,,,,,,,,,,,,,,,,,,,,0,0,0,0,0,,
2016,4,04/21/16,Uva,Uva-Ridley,9.4,GAPL,65,50,80,6,50,75,5,,,,,,,,,,,,,,,,,,,,6,50,75,5,1,1,
2016,4,04/21/16,Uva,Uva-Ridley,8.8,GAPL,85,30,80,10,10,80,,,,,,,,,,,,,,,,,,,,,10,10,80,0,1,1,
2016,4,04/21/16,Uva,Uva-Ridley,7.9,POLO,28,25,15,,,20,,,,,,,,,,,,,,,,,,,,,0,0,20,0,0,,
2016,4,04/21/16,Uva,Uva-Ridley,7.9,MIIN,45,32,30,10,,77,5,,,,,,,,,,,,,,,,,,,,10,0,77,5,1,1,
2016,4,04/21/16,Uva,Uva-Ridley,7.6,GAPL,105,60,75,,85,40,20,,,,,,,,,,,,,,,,,,,,0,85,40,20,0,1,
2016,4,04/21/16,Uva,Uva-Ridley,7.6,POEL,75,65,20,,8,50,12,,,,,,,,,,,,,,,,,,,REC - BLACK SPO 10,0,8,50,12,0,1,
2016,4,04/21/16,Uva,Uva-Ridley,6.7,PACL,78,40,50,,85,50,15,,,,,,,,,,,,,,,,,,,CYANO 15,0,85,50,15,0,1,
2016,4,04/21/16,Uva,Uva-Ridley,6.7,POEL,28,27,8,,,10,,,,,,,,,,,,,,,,,,,,,0,0,10,0,0,,
2016,4,04/21/16,Uva,Uva-Ridley,7.9,POLO,50,45,35,,,30,35,,,,,,,,,,,,,,,,,,,,0,0,30,35,0,1,
2016,4,04/21/16,Uva,Uva-Ridley,7.6,PAGI,12,10,7,,,,,,,,,,,,,,,,,,,,,,,REC - COTS 35,0,0,0,0,0,,
2016,4,04/21/16,Uva,Uva-Ridley,7.6,PAGI,8,4,4,,,,,,,,,,,,,,,,,,,,,,,,0,0,0,0,0,,
2016,4,04/21/16,Uva,Uva-Ridley,7.3,PAGI,4,2,4,,,,,,,,,,,10,FIL,,,,,,,,,,,,0,0,0,0,0,,
2016,4,04/21/16,Uva,Uva-Ridley,7,PACH,10,5,5,,,65,,,,,,,,,,,,,,,,,,,,,0,0,65,0,0,1,
2016,4,04/21/16,Uva,Uva-Ridley,7,PACH,20,16,10,,,80,,,,,,,,,,,,,,,,,,,,,0,0,80,0,0,1,
2016,4,04/21/16,Uva,Uva-Ridley,7,PACH,22,10,10,,,35,,,,,,,,,,,,,,,,,,,,,0,0,35,0,0,,
2016,4,04/21/16,Uva,Uva-Ridley,7,PACH,12,10,8,,,65,,,,,,,,,,,,,,,,,,,,ORANGE SPO 15,0,0,65,0,0,1,
2016,4,04/21/16,Uva,Uva-Ridley,8.5,MIIN,28,20,12,,40,60,,,,,,,,,,,,,,,,,,,,,0,40,60,0,0,1,
2016,4,04/21/16,Uva,Uva-Ridley,9.4,MIIN,35,25,10,,60,60,,,,,,,,,,,,,,,,,,,,,0,60,60,0,0,1,
2016,4,04/21/16,Uva,Uva-Ridley,8.5,POLO,36,32,35,,,65,,,,,,1,5,,,,,,,,,,,,,,0,0,65,0,0,1,
2016,4,04/21/16,Uva,Uva-Ridley,8.5,PAGI,3,2.5,2.5,,,5,,,,,,,,,,,,,,,,,,,,,0,0,5,0,0,,
2016,4,04/21/16,Uva,Uva-Ridley,7.9,PAGI,7,6,4,,,,,,,,,,,,,,,,,,,,,,,,0,0,0,0,0,,
2016,4,04/21/16,Uva,Uva-Ridley,7.9,PAGI,6,5,3,,,,,,,,,,,,,,,,,,,,,,,,0,0,0,0,0,,
2016,4,04/21/16,Uva,Uva-Ridley,7.9,PAGI,3,2.5,1,,,,,,,,,,,,,,,,,,,,,,,,0,0,0,0,0,,
2016,4,04/21/16,Uva,Uva-Ridley,7.9,PODA,33,30,18,,10,,,,,,,,,,,,,,,,,,,,,,0,10,0,0,0,,
2018,8,08/10/18,Uva,Uva-Reef,7.5,POSP,20,18,6,,,60,,,,,,,,10,FIL,,,,,,,,,,,,0,0,60,0,0,1,
2018,8,08/10/18,Uva,Uva-Reef,7.5,POSP,28,18,10,,,40,7,,,,,,,,,,,,,,,,15,,,RECENT IS BLACK SPONGE,0,0,40,7,0,,
2018,8,08/10/18,Uva,Uva-Reef,7.5,POSP,12,6,7,,,,,,,,,,,,,,,,,,,,,,,,0,0,0,0,0,,
2018,8,08/10/18,Uva,Uva-Reef,8,POSP,26,22,15,,,5,,,,,,,,,,,,,,,,,5,,,,0,0,5,0,0,,
2018,8,08/10/18,Uva,Uva-Reef,8,POSP,40,35,12,,,7,,,,,,,,,,,,,,,,,5,,,,0,0,7,0,0,,
2018,8,08/10/18,Uva,Uva-Reef,8,POSP,20,18,13,,,50,,,,,,,,,,,,,,,,,,,,,0,0,50,0,0,1,
2018,8,08/10/18,Uva,Uva-Reef,8.5,PSST,4,3,1,,,30,,,,,,,,,,,,,,,,,,,,,0,0,30,0,0,,
2018,8,08/10/18,Uva,Uva-Reef,8.5,POSP,50,35,18,,,18,2,,,,,,,,,,,,,,,,8,,,RECENT IS BLACK SPONGE,0,0,18,2,0,,
2018,8,08/10/18,Uva,Uva-Reef,8.5,POSP,14,10,8,,,,,,,,,,,,,,,,,,,,,,,,0,0,0,0,0,,
2018,8,08/10/18,Uva,Uva-Reef,9,PSST,4,2,1,,,45,,,,,,,,,,,,,,,,,,,,,0,0,45,0,0,,
2018,8,08/10/18,Uva,Uva-Reef,9,POSP,6,5,4,,,,50,,,,,,,,,,,,,,,,,,,NOT SURE OF RECENT CAUSE,0,0,0,50,0,1,
2018,8,08/10/18,Uva,Uva-Reef,9,POSP,13,7,6,,,,,,,,,,,,,,,,,,,,3,,,,0,0,0,0,0,,
2018,8,08/10/18,Uva,Uva-Reef,9.5,PSST,6,4,5,,,40,,,,,,,,,,,,,,,,,10,,,,0,0,40,0,0,,
2018,8,08/10/18,Uva,Uva-Reef,9.5,PAVA,13,11,6,,,60,,,,,,,,,,,,,,,,,,,,FLIPPED AND 25% BLEACHED UNDERNEATH,0,0,60,0,0,1,
2018,8,08/10/18,Uva,Uva-Reef,9.5,POSP,32,22,25,,,20,10,,,,,,,3,FIL,,,,,,,,10,,,RECENT IS BLACK SPONGE,0,0,20,10,0,,
2018,8,08/11/18,Uva,Uva-Ridley,7,PODA,32,20,17,,,15,,,,,,,,,,,,,,,,,,,,,0,0,15,0,0,,
2018,8,08/11/18,Uva,Uva-Ridley,7,POLO,6,4,5,,,10,,,,,,,,,,,,,,,,,,,,,0,0,10,0,0,,
2018,8,08/11/18,Uva,Uva-Ridley,7,PODA,50,37,40,,,60,,,,,,,,,,,,,,,,,,,,,0,0,60,0,0,1,
2018,8,08/11/18,Uva,Uva-Ridley,7,POLO,75,50,17,,,40,,,,,,15,3,,,,,,,,,,,,,,0,0,40,0,0,,
2018,8,08/11/18,Uva,Uva-Ridley,7,PODA,70,50,40,,,17,,,,,,,,,,,,,,,,,,,,,0,0,17,0,0,,
2018,8,08/11/18,Uva,Uva-Ridley,7,PACH,7,6,6,,,30,,,,,,,,,,,,,,,,,,,,,0,0,30,0,0,,
2018,8,08/11/18,Uva,Uva-Ridley,9,PACL,40,25,40,,,40,,,,,,,,,,,,,,,,,,,,,0,0,40,0,0,,
2018,8,08/11/18,Uva,Uva-Ridley,9,POLO,40,35,25,,,,,,,,,7,,,,,,,,,,,,,,,0,0,0,0,0,,
2018,8,08/11/18,Uva,Uva-Ridley,9,PACL,125,85,75,,,50,,,,,,,,,,,,,,,,,,15,,RED CLIONA LOOKING SPONGE,0,0,50,0,0,1,
2018,8,08/11/18,Uva,Uva-Ridley,9,GAPL,90,65,60,,,85,,,,,,,,,,,,,,,,,,,,,0,0,85,0,0,1,
2018,8,08/11/18,Uva,Uva-Ridley,9,MIIN,36,20,22,,,70,,,,,,,,,,,,,,,,,,,,,0,0,70,0,0,1,
2018,8,08/11/18,Uva,Uva-Ridley,8,POEL,37,30,15,,,5,,,,,,,,,,,,,,,,,,,,,0,0,5,0,0,,
2018,8,08/11/18,Uva,Uva-Ridley,8,MIIN,34,16,12,,,,,,,,,,,,,,,,,,,,,,,,0,0,0,0,0,,
2018,8,08/11/18,Uva,Uva-Ridley,8,MIIN,37,30,20,,,20,,,,,,,,,,,,,,,,,,,,NET WRAPPED,0,0,20,0,0,,
2018,8,08/11/18,Uva,Uva-Ridley,8,MIIN,50,30,17,,,50,,,,,,,,,,,,,,,,,,,,,0,0,50,0,0,1,
2018,8,08/11/18,Uva,Uva-Ridley,9,PAGI,6,4,5,,,15,,,,,,,,,,,,,,,,,,,,,0,0,15,0,0,,
2018,8,08/11/18,Uva,Uva-Ridley,9,MIIN,15,10,12,,,,,,,,,,,,,,,,,,,,,,,,0,0,0,0,0,,
2018,8,08/11/18,Uva,Uva-Ridley,8,PACH,7,5,4,,,,,,,,,,,,,,,,,,,,,,,,0,0,0,0,0,,
2018,8,08/11/18,Uva,Uva-Ridley,9,PACH,6,4,6,,,20,,,,,,,,,,,,,,,,,,,,,0,0,20,0,0,,
2018,8,08/11/18,Uva,Uva-Ridley,9,POPA,7,5,2,,,15,4,35,,,,,,,,,,,,,,,,,,RECENT FROM BITES,0,0,15,4,0,,
2018,8,08/11/18,Uva,Uva-Ridley,9,POLO,80,60,40,,,5,,14,,,,,2,,,,,,,,,,,,,PINK ASSOCIATED WITH BITES,0,0,5,0,0,,
2018,8,08/11/18,Uva,Uva-Ridley,9,PACL,40,15,20,,,65,20,,20,,,,,,,,,,,,,,,,,PREDATION IS CROWN OF THORNS,0,0,65,20,0,1,
2018,8,08/11/18,Uva,Uva-Ridley,9,PAGI,18,6,8,,,15,,,,,,,,,,,,,,,,,,,,,0,0,15,0,0,,
2018,8,08/11/18,Uva,Uva-Ridley,9,POPA,6,5,5,,,,,12,5,,,,,,,,,,,,,,,,,PRED IS LIMPET,0,0,0,0,0,,
2018,8,08/12/18,Silva de Afuera,Wahoo,4,POLO,125,100,65,,3,45,,,,,,5,1,,,,,,,,,,,,,,0,3,45,0,0,,
2018,8,08/12/18,Silva de Afuera,Wahoo,4,POEL,30,25,20,,,,,,,,,,,,,,,,,,,,,,,,0,0,0,0,0,,
2018,8,08/12/18,Silva de Afuera,Wahoo,4,PAGI,12,6,10,,,,,,,,,,,,,,,,,,,,,,,,0,0,0,0,0,,
2018,8,08/12/18,Silva de Afuera,Wahoo,4,POEL,21,19,12,,,,,,,,,,,,,,,,,,,,,,,,0,0,0,0,0,,
2018,8,08/12/18,Silva de Afuera,Wahoo,5,POLO,27,24,20,,,15,,,,,,6,3,,,,,,,,,,,,,,0,0,15,0,0,,
2018,8,08/13/18,Secas,Dog-Reef,8,PODA,20,17,12,,,,,,,,,,,,,,,,,,,,,,,,0,0,0,0,0,,
2018,8,08/13/18,Secas,Dog-Reef,7,PODA,25,18,16,,,,,,,,,,,,,,,,,,,,,,,,0,0,0,0,0,,
2018,8,08/13/18,Secas,Dog-Reef,6,PACL,4,3.5,4,,,,,,,,,,,,,,,,,,,,,,,,0,0,0,0,0,,
2018,8,08/13/18,Secas,Dog-Reef,6,PACL,16,10,7,,,,,,,,,5,,,,,,,,,,,,,,,0,0,0,0,0,,
2018,8,08/13/18,Secas,Dog-Reef,6,POLO,14,9,6,,,50,22,,,,,,,,,,,,,,,,,,,RECENT FROM OVERTURNING,0,0,50,22,0,1,
2018,8,08/13/18,Secas,Dog-Reef,6,PODA,22,21,10,,,45,5,,,,,,,,,,,,,,,,,,,RECENT MAY BE FROM OVERTURNING,0,0,45,5,0,1,
2018,8,08/13/18,Secas,Dog-Reef,6,POEL,25,19,7,,,5,,,,,,,,,,,,,,,,,,,,,0,0,5,0,0,,
2018,8,08/13/18,Secas,Dog-Reef,1,POEL,36,16,18,,,,,,,,,,,,,,,,,,,,,,,,0,0,0,0,0,,
2018,8,08/13/18,Secas,Dog-Reef,2,POLO,17,10,5,,,25,,,,,,,,,,,,,,,,,,,,BLUE FORM,0,0,25,0,0,,
2018,8,08/13/18,Secas,Dog-Reef,3,POLO,8,7,4,,,10,,,,,,,3,,,,,,,,,,,,,,0,0,10,0,0,,
2018,8,08/13/18,Secas,Dog-Reef,3,POLO,85,75,75,,,20,2,10,,2,SACAP,15,,,,,,,,,,,,,,RECENT FROM DAMSELFISH,0,0,20,2,0,,
2018,8,08/13/18,Secas,Dog-Reef,3,PAGI,25,22,37,,,20,,4,,,,,,,,,,,,,,,,,,BITES ARE PARROT,0,0,20,0,0,,
2018,8,08/13/18,Secas,Dog-Reef,3,POLO,8,6,6,,,15,,,,,,,3,,,,,,,,,,,,,BLUE FORM,0,0,15,0,0,,
2018,8,08/13/18,Secas,Dog-Reef,3,PACL,23,22,18,,,15,,35,,,,,,,,,,,,,,,,,,,0,0,15,0,0,,
2018,8,08/13/18,Secas,Dog-Reef,3,PAVA,21,15,12,,,75,,,,,,,,,,,,,,,,,,,,,0,0,75,0,0,1,
2018,8,08/13/18,Secas,Dog-Reef,3,PAVA,40,36,30,,,85,,,,,,,,,,,,,,,,,,,,,0,0,85,0,0,1,
2018,8,08/13/18,Secas,Dog-Reef,3,PSSU,20,17,12,,,75,,,,,,,,,,,,,,,,,,,,,0,0,75,0,0,1,
2018,8,08/13/18,Secas,Dog-Reef,3,PAGI,29,24,18,,,90,,,,,,,,,,,,,,,,,,,,,0,0,90,0,0,1,
2018,8,08/13/18,Secas,Dog-Reef,3,PAVA,80,55,35,,,65,,,,,,,,,,,,,,,,,,,,,0,0,65,0,0,1,
2018,8,08/13/18,Secas,Dog-Reef,3,PSSU,7,6,5,,,25,,,,,,,,,,,,,,,,,,,,,0,0,25,0,0,,
2018,8,08/13/18,Secas,Dog-Reef,3,POLO,19,18,15,,,,,15,,,,,,,,,,,,,,,,,,,0,0,0,0,0,,
2018,8,08/13/18,Secas,Dog-Reef,3,POLO,30,20,25,,,,5,25,,,,,,,,,,,,,,,,,,,0,0,0,5,0,,
