Location,Coral Species,1-10 m %dead,1-10 m %bleached,1-10 m (n),# Bleached,# Dead,# Healthy,Affected,Total ,,Date,Island,Site,Location,Spp,% Bleach,% Pale,Old,Recent,BL 0,PA 0,Old 0,Recent 0,?,PWG Dead,PWG Bleach,Healthy,Affected
Uva,Millepora intricata,1,,46,,46,0,46,46,,8/20/2014,Secas,Dog-Reef,Reef,PACL,,15,25,2,0,15,25,2,0,,,1,0
Uva,Millepora platyphylla,1,,22,,22,0,22,22,,8/22/2014,Uva,Uva-reef,Forereef,MIIN,20,20,,,20,20,0,0,1,,1,0,1
Uva,Pocillopora damicornis,0,1,150,150,0,0,150,150,,8/22/2014,Uva,Uva-reef,Forereef,PODA,,,,,0,0,0,0,0,,,1,0
Uva,Pocillopora elegans,0,0.883,122,108,0,14,108,122,,8/22/2014,Uva,Uva-reef,Forereef,PODA,,,5,,0,0,5,0,0,,,1,0
Uva,Porites panamensis,0,0.997,291,290,0,1,290,291,,8/22/2014,Uva,Uva-reef,Forereef,POEL,,,,,0,0,0,0,0,,,1,0
Uva,Porites lobata,0,0.143,7,1,0,6,1,7,,8/22/2014,Uva,Uva-reef,Forereef,PAVA,10,20,18,,10,20,18,0,1,,,1,0
Uva,Pavona varians,0,0.972,141,137,0,4,137,141,,8/22/2014,Uva,Uva-reef,Forereef,POLO,,,7,4,0,0,7,4,0,,,1,0
Uva,Pavona clavus,0,1,53,53,0,0,53,53,,8/22/2014,Uva,Uva-reef,Forereef,PAGI,,,,,0,0,0,0,0,,,1,0
Uva,Pavona gigantea,0,0,16,,0,16,0,16,,8/22/2014,Uva,Uva-reef,Forereef,PODA,,,,,0,0,0,0,0,,,1,0
Uva,Gardineroseris planulata,0,0.453,95,43,0,52,43,95,,8/22/2014,Uva,Uva-reef,Forereef,PAVA,10,30,30,2,10,30,30,2,1,,,1,0
Uva,Psammacora stellata,0,0.057,140,8,0,132,8,140,,8/22/2014,Uva,Uva-reef,Forereef,PAGI,,,12,,0,0,12,0,0,,,1,0
Uva,Pocillopora damicornis,0,0.442,165,73,0,92,73,165,,8/22/2014,Uva,Uva-reef,Forereef,PAVA,,,25,,0,0,25,0,0,,,1,0
,,,,,,,,,,,8/22/2014,Uva,Uva-reef,Forereef,PACL,,,35,,0,0,35,0,0,,,1,0
,,,,,,,,,,,8/22/2014,Uva,Uva-reef,Forereef,PAGI,,,15,,0,0,15,0,0,,,1,0
,,,,,,,,,,,8/22/2014,Uva,Uva-reef,Forereef,POLO,,,65,,0,0,65,0,0,1,,0,1
,,,,,,,,,,,8/22/2014,Uva,Uva-reef,Forereef,PAGI,10,10,10,,10,10,10,0,1,,,1,0
,,,,,,,,,,,8/22/2014,Uva,Uva-reef,Forereef,PAGI,,,30,,0,0,30,0,0,,,1,0
,,,,,,,,,,,8/22/2014,Uva,Uva-reef,Forereef,PACL,,,25,,0,0,25,0,0,,,1,0
,,,,,,,,,,,8/22/2014,Uva,Uva-reef,Forereef,GAPL,,,30,,0,0,30,0,0,,,1,0
,,,,,,,,,,,8/22/2014,Uva,Uva-reef,Forereef,GAPL,,,10,,0,0,10,0,0,,,1,0
,,,,,,,,,,,8/22/2014,Uva,Uva-reef,Forereef,PACL,,,15,4,0,0,15,4,0,,,1,0
,,,,,,,,,,,8/22/2014,Uva,Uva-reef,Forereef,PAVA,10,5,40,,10,5,40,0,1,,,1,0
,,,,,,,,,,,8/22/2014,Uva,Uva-reef,Forereef,PODA,,,5,,0,0,5,0,0,,,1,0
,,,,,,,,,,,8/22/2014,Uva,Uva-reef,Forereef,PAVA,5,,20,,5,0,20,0,1,,,1,0
,,,,,,,,,,,8/22/2014,Uva,Uva-reef,Forereef,PACL,,5,5,,0,5,5,0,0,,,1,0
,,,,,,,,,,,8/22/2014,Uva,Uva-reef,Forereef,GAPL,,,8,10,0,0,8,10,0,,,1,0
,,,,,,,,,,,8/22/2014,Uva,Uva-reef,Forereef,GAPL,,,35,5,0,0,35,5,0,,,1,0
,,,,,,,,,,,8/22/2014,Uva,Uva-reef,Forereef,POLO,,,7,2,0,0,7,2,0,,,1,0
,,,,,,,,,,,8/22/2014,Uva,Uva-reef,Forereef,POLO,,35,3,,0,35,3,0,0,,,1,0
,,,,,,,,,,,8/22/2014,Uva,Uva-reef,Forereef,POLO,,,,6,0,0,0,6,0,,,1,0
,,,,,,,,,,,8/22/2014,Uva,Uva-reef,Forereef,MIIN,,30,,,0,30,0,0,0,,,1,0
,,,,,,,,,,,8/22/2014,Uva,Uva-reef,Forereef,MIIN,,,,,0,0,0,0,0,,,1,0
,,,,,,,,,,,8/22/2014,Uva,Uva-reef,Forereef,MIIN,,,,,0,0,0,0,0,,,1,0
,,,,,,,,,,,8/22/2014,Uva,Uva-reef,Forereef,MIIN,,,,,0,0,0,0,0,,,1,0
,,,,,,,,,,,8/22/2014,Uva,Uva-reef,Forereef,GAPL,,,10,,0,0,10,0,0,,,1,0
,,,,,,,,,,,8/22/2014,Uva,Uva-reef,Forereef,POLO,,,,,0,0,0,0,0,,,1,0
,,,,,,,,,,,8/22/2014,Uva,Uva-reef,Forereef,POLO,,80,10,,0,80,10,0,0,,,1,0
,,,,,,,,,,,8/22/2014,Uva,Uva-reef,Forereef,PODA,,,,,0,0,0,0,0,,,1,0
,,,,,,,,,,,8/22/2014,Uva,Uva-reef,Forereef,PODA,,,,,0,0,0,0,0,,,1,0
,,,,,,,,,,,8/22/2014,Uva,Uva-reef,Forereef,POEL,,,,,0,0,0,0,0,,,1,0
,,,,,,,,,,,8/22/2014,Uva,Uva-reef,Forereef,POEL,,,,,0,0,0,0,0,,,1,0
,,,,,,,,,,,8/22/2014,Uva,Uva-reef,Forereef,POEL,,,,,0,0,0,0,0,,,1,0
,,,,,,,,,,,8/22/2014,Uva,Uva-reef,Forereef,GAPL,,,,,0,0,0,0,0,,,1,0
,,,,,,,,,,,8/22/2014,Uva,Uva-reef,Forereef,GAPL,,,30,,0,0,30,0,0,,,1,0
,,,,,,,,,,,8/22/2014,Uva,Uva-reef,Forereef,GAPL,,,5,,0,0,5,0,0,,,1,0
,,,,,,,,,,,8/22/2014,Uva,Uva-reef,Forereef,GAPL,,,5,,0,0,5,0,0,,,1,0
,,,,,,,,,,,8/22/2014,Uva,Uva-reef,Forereef,GAPL,,,25,,0,0,25,0,0,,,1,0
,,,,,,,,,,,8/22/2014,Uva,Uva-reef,Forereef,PACL,,,5,,0,0,5,0,0,,,1,0
,,,,,,,,,,,8/22/2014,Uva,Uva-reef,Forereef,PACL,,20,,,0,20,0,0,0,,,1,0
,,,,,,,,,,,8/22/2014,Uva,Uva-reef,Forereef,PACL,,20,50,,0,20,50,0,0,1,,0,1
,,,,,,,,,,,8/22/2014,Uva,Uva-reef,Forereef,PACL,,,5,,0,0,5,0,0,,,1,0
,,,,,,,,,,,8/22/2014,Uva,Uva-reef,Forereef,PACL,,,5,,0,0,5,0,0,,,1,0
,,,,,,,,,,,8/22/2014,Uva,Uva-reef,Forereef,PAVA,,20,10,,0,20,10,0,0,,,1,0
,,,,,,,,,,,8/22/2014,Uva,Uva-reef,Forereef,PAVA,,,,,0,0,0,0,0,,,1,0
,,,,,,,,,,,8/22/2014,Uva,Uva-reef,Forereef,PAVA,,5,,,0,5,0,0,0,,,1,0
,,,,,,,,,,,8/22/2014,Uva,Uva-reef,Forereef,PAVA,,50,50,,0,50,50,0,0,1,,0,1
,,,,,,,,,,,8/22/2014,Uva,Uva-reef,Forereef,PAVA,,,20,,0,0,20,0,0,,,1,0
,,,,,,,,,,,8/22/2014,Uva,Uva-reef,Forereef,PAGI,,,5,,0,0,5,0,0,,,1,0
,,,,,,,,,,,8/22/2014,Uva,Uva-reef,Forereef,PAGI,,,,,0,0,0,0,0,,,1,0
,,,,,,,,,,,8/22/2014,Uva,Uva-reef,Forereef,PAGI,,,15,,0,0,15,0,0,,,1,0
,,,,,,,,,,,8/22/2014,Uva,Uva-reef,Forereef,PAGI,,,,,0,0,0,0,0,,,1,0
,,,,,,,,,,,8/22/2014,Uva,Uva-reef,Forereef,PAGI,,,5,,0,0,5,0,0,,,1,0
,,,,,,,,,,,8/22/2014,Uva,Uva-reef,Forereef,MIIN,,,,,0,0,0,0,0,,,1,0
,,,,,,,,,,,8/22/2014,Uva,Uva-reef,Forereef,MIIN,,,,,0,0,0,0,0,,,1,0
,,,,,,,,,,,8/22/2014,Uva,Uva-reef,Forereef,MIIN,,,,,0,0,0,0,0,,,1,0
,,,,,,,,,,,8/22/2014,Uva,Uva-reef,Forereef,MIIN,,5,,,0,5,0,0,0,,,1,0
,,,,,,,,,,,8/22/2014,Uva,Uva-reef,Forereef,MIIN,,,,,0,0,0,0,0,,,1,0
,,,,,,,,,,,8/22/2014,Uva,Uva-reef,Forereef,POLO,,,5,,0,0,5,0,0,,,1,0
,,,,,,,,,,,8/22/2014,Uva,Uva-reef,Forereef,POLO,,,10,,0,0,10,0,0,,,1,0
,,,,,,,,,,,8/22/2014,Uva,Uva-reef,Forereef,POLO,,,5,,0,0,5,0,0,,,1,0
,,,,,,,,,,,8/24/2014,Uva,Uva-Ridley,Ridley,PAGI,,,30,,0,0,30,0,0,,,1,0
,,,,,,,,,,,8/24/2014,Uva,Uva-Ridley,Ridley,PAGI,,,35,,0,0,35,0,0,,,1,0
,,,,,,,,,,,8/24/2014,Uva,Uva-Ridley,Ridley,PAGI,,,60,,0,0,60,0,0,1,,0,1
,,,,,,,,,,,8/24/2014,Uva,Uva-Ridley,Ridley,PAGI,,,10,,0,0,10,0,0,,,1,0
,,,,,,,,,,,8/24/2014,Uva,Uva-Ridley,Ridley,PAGI,,,20,,0,0,20,0,0,,,1,0
,,,,,,,,,,,8/24/2014,Uva,Uva-Ridley,Ridley,GAPL,,,40,,0,0,40,0,0,,,1,0
,,,,,,,,,,,8/24/2014,Uva,Uva-Ridley,Ridley,PAVA,,,,,0,0,0,0,0,,,1,0
,,,,,,,,,,,8/24/2014,Uva,Uva-Ridley,Ridley,PAVA,,,30,5,0,0,30,5,0,,,1,0
,,,,,,,,,,,8/24/2014,Uva,Uva-Ridley,Ridley,PAVA,,12,,,0,12,0,0,0,,,1,0
,,,,,,,,,,,8/24/2014,Uva,Uva-Ridley,Ridley,PAGI,,2,50,30,0,2,50,30,0,1,,0,1
,,,,,,,,,,,8/24/2014,Uva,Uva-Ridley,Ridley,PAGI,,,,,0,0,0,0,0,,,1,0
,,,,,,,,,,,8/24/2014,Uva,Uva-Ridley,Ridley,PAGI,,,50,,0,0,50,0,0,1,,0,1
,,,,,,,,,,,8/24/2014,Uva,Uva-Ridley,Ridley,PAGI,,,,,0,0,0,0,0,,,1,0
,,,,,,,,,,,8/24/2014,Uva,Uva-Ridley,Ridley,GAPL,,,40,,0,0,40,0,0,,,1,0
,,,,,,,,,,,8/24/2014,Uva,Uva-Ridley,Ridley,PAGI,,,70,,0,0,70,0,0,1,,0,1
,,,,,,,,,,,8/24/2014,Uva,Uva-Ridley,Ridley Rock,POLO,,5,5,,0,5,5,0,0,,,1,0
,,,,,,,,,,,8/24/2014,Uva,Uva-Ridley,Ridley Rock,POLO,,10,5,,0,10,5,0,0,,,1,0
,,,,,,,,,,,8/24/2014,Uva,Uva-Ridley,Ridley Rock,POLO,,,1,,0,0,1,0,0,,,1,0
,,,,,,,,,,,8/24/2014,Uva,Uva-Ridley,Ridley Rock,POLO,,50,20,,0,50,20,0,0,,,1,0
,,,,,,,,,,,8/24/2014,Uva,Uva-Ridley,Ridley Rock,MIIN,,,,,0,0,0,0,0,,,1,0
,,,,,,,,,,,8/24/2014,Uva,Uva-Ridley,Ridley Rock,MIIN,,,,,0,0,0,0,0,,,1,0
,,,,,,,,,,,8/24/2014,Uva,Uva-Ridley,Ridley Rock,MIIN,,,,,0,0,0,0,0,,,1,0
,,,,,,,,,,,8/24/2014,Uva,Uva-Ridley,Ridley Rock,MIIN,,,,,0,0,0,0,0,,,1,0
,,,,,,,,,,,8/24/2014,Uva,Uva-Ridley,Ridley Rock,MIIN,,,,,0,0,0,0,0,,,1,0
,,,,,,,,,,,8/24/2014,Uva,Uva-Ridley,Ridley Rock,MIIN,,,,,0,0,0,0,0,,,1,0
,,,,,,,,,,,8/24/2014,Uva,Uva-Ridley,Ridley,PAVA,,,20,,0,0,20,0,0,,,1,0
,,,,,,,,,,,8/24/2014,Uva,Uva-Ridley,Ridley,PAVA,,,,,0,0,0,0,0,,,1,0
,,,,,,,,,,,8/24/2014,Uva,Uva-Ridley,Ridley,PAGI,,,,,0,0,0,0,0,,,1,0
,,,,,,,,,,,8/24/2014,Uva,Uva-Ridley,Ridley,PAGI,,,2,,0,0,2,0,0,,,1,0
,,,,,,,,,,,8/24/2014,Uva,Uva-Ridley,Ridley,PAGI,,,,,0,0,0,0,0,,,1,0
,,,,,,,,,,,8/24/2014,Uva,Uva-Ridley,Ridley,PACL,,,5,,0,0,5,0,0,,,1,0
,,,,,,,,,,,8/24/2014,Uva,Uva-Ridley,Ridley,PACL,,,,,0,0,0,0,0,,,1,0
,,,,,,,,,,,8/24/2014,Uva,Uva-Ridley,Ridley,PACL,,,3,,0,0,3,0,0,,,1,0
,,,,,,,,,,,8/24/2014,Uva,Uva-Ridley,Ridley,PACL,,,5,,0,0,5,0,0,,,1,0
,,,,,,,,,,,8/16/2015,Uva,Reef,BEAMS/G City,GAPL,85,15,10,,85,15,10,0,1,,1,0,1
,,,,,,,,,,,8/16/2015,Uva,Reef,BEAMS/G City,PAVA,50,30,60,,50,30,60,0,1,1,1,0,1
,,,,,,,,,,,8/16/2015,Uva,Reef,BEAMS/G City,PODA,15,30,20,,15,30,20,0,1,,1,0,1
,,,,,,,,,,,8/16/2015,Uva,Reef,BEAMS/G City,GAPL,95,5,10,5,95,5,10,5,1,,1,0,1
,,,,,,,,,,,8/16/2015,Uva,Reef,BEAMS/G City,PAVA,50,50,30,10,50,50,30,10,1,,1,0,1
,,,,,,,,,,,8/16/2015,Uva,Reef,BEAMS/G City,PODA,,90,40,4,0,90,40,4,0,,,1,0
,,,,,,,,,,,8/16/2015,Uva,Reef,BEAMS/G City,GAPL,20,50,50,,20,50,50,0,1,1,1,0,1
,,,,,,,,,,,8/16/2015,Uva,Reef,BEAMS/G City,PAVA,35,40,15,5,35,40,15,5,1,,1,0,1
,,,,,,,,,,,8/16/2015,Uva,Reef,BEAMS/G City,PODA,10,90,10,,10,90,10,0,1,,,1,0
,,,,,,,,,,,8/16/2015,Uva,Reef,BEAMS/G City,PSST,,50,10,,0,50,10,0,0,,,1,0
,,,,,,,,,,,8/16/2015,Uva,Reef,BEAMS/G City,GAPL,50,50,,10,50,50,0,10,1,,1,0,1
,,,,,,,,,,,8/16/2015,Uva,Reef,BEAMS/G City,POEL,,80,15,,0,80,15,0,0,,,1,0
,,,,,,,,,,,8/16/2015,Uva,Reef,BEAMS/G City,PAVA,30,70,20,5,30,70,20,5,1,,1,0,1
,,,,,,,,,,,8/16/2015,Uva,Reef,BEAMS/G City,PODA,,80,10,,0,80,10,0,0,,,1,0
,,,,,,,,,,,8/16/2015,Uva,Reef,BEAMS/G City,GAPL,95,5,40,,95,5,40,0,1,,1,0,1
,,,,,,,,,,,8/16/2015,Uva,Reef,BEAMS/G City,PAVA,60,40,20,6,60,40,20,6,1,,1,0,1
,,,,,,,,,,,8/16/2015,Uva,Reef,BEAMS/G City,POEL,10,70,10,,10,70,10,0,1,,,1,0
,,,,,,,,,,,8/16/2015,Uva,Reef,BEAMS/G City,GAPL,85,15,30,5,85,15,30,5,1,,1,0,1
,,,,,,,,,,,8/16/2015,Uva,Reef,BEAMS/G City,PAVA,30,50,10,,30,50,10,0,1,,1,0,1
,,,,,,,,,,,8/16/2015,Uva,Reef,BEAMS/G City,GAPL,80,20,15,5,80,20,15,5,1,,1,0,1
,,,,,,,,,,,8/16/2015,Uva,Reef,BEAMS/G City,PODA,,80,10,,0,80,10,0,0,,,1,0
,,,,,,,,,,,8/16/2015,Uva,Reef,BEAMS/G City,POPA,90,10,,,90,10,0,0,1,,1,0,1
,,,,,,,,,,,8/16/2015,Uva,Reef,BEAMS/G City,PODA,10,30,15,,10,30,15,0,1,,,1,0
,,,,,,,,,,,8/16/2015,Uva,Reef,BEAMS/G City,PAVA,50,20,15,5,50,20,15,5,1,,1,0,1
,,,,,,,,,,,8/16/2015,Uva,Reef,BEAMS/G City,PAGI,75,25,10,,75,25,10,0,1,,1,0,1
,,,,,,,,,,,8/16/2015,Uva,Reef,BEAMS/G City,POEL,10,30,5,,10,30,5,0,1,,,1,0
,,,,,,,,,,,8/16/2015,Uva,Reef,BEAMS/G City,PSST,90,10,65,,90,10,65,0,1,1,1,0,1
,,,,,,,,,,,8/16/2015,Uva,Reef,BEAMS/G City,PODA,15,,15,,15,0,15,0,1,,1,0,1
,,,,,,,,,,,8/16/2015,Uva,Reef,BEAMS/G City,PAVA,50,50,10,2,50,50,10,2,1,,1,0,1
,,,,,,,,,,,8/16/2015,Uva,Reef,BEAMS/G City,PACL,55,40,35,,55,40,35,0,1,,1,0,1
,,,,,,,,,,,8/16/2015,Uva,Reef,BEAMS/G City,POEL,,60,10,,0,60,10,0,0,,,1,0
,,,,,,,,,,,8/16/2015,Uva,Reef,BEAMS/G City,PODA,,10,5,,0,10,5,0,0,,,1,0
,,,,,,,,,,,8/16/2015,Uva,Reef,BEAMS/G City,PACL,90,25,15,5,90,25,15,5,1,,1,0,1
,,,,,,,,,,,8/16/2015,Uva,Reef,BEAMS/G City,POEL,20,30,10,,20,30,10,0,1,,1,0,1
,,,,,,,,,,,8/16/2015,Uva,Reef,BEAMS/G City,POEL,20,30,20,,20,30,20,0,1,,1,0,1
,,,,,,,,,,,8/16/2015,Uva,Reef,BEAMS/G City,PSST,50,20,40,,50,20,40,0,1,,1,0,1
,,,,,,,,,,,8/16/2015,Uva,Reef,BEAMS/G City,POEL,10,40,15,,10,40,15,0,1,,,1,0
,,,,,,,,,,,8/16/2015,Uva,Reef,BEAMS/G City,GAPL,,70,30,,0,70,30,0,0,,,1,0
,,,,,,,,,,,8/16/2015,Uva,Reef,BEAMS/G City,POEL,,40,15,,0,40,15,0,0,,,1,0
,,,,,,,,,,,8/16/2015,Uva,Reef,BEAMS/G City,PAGI,30,70,5,,30,70,5,0,1,,1,0,1
,,,,,,,,,,,8/16/2015,Uva,Reef,BEAMS/G City,POEL,30,70,10,,30,70,10,0,1,,1,0,1
,,,,,,,,,,,8/16/2015,Uva,Reef,BEAMS/G City,PAVA,55,45,40,5,55,45,40,5,1,,1,0,1
,,,,,,,,,,,8/16/2015,Uva,Reef,BEAMS/G City,PODA,10,30,5,,10,30,5,0,1,,,1,0
,,,,,,,,,,,8/16/2015,Uva,Reef,BEAMS/G City,PSST,25,75,10,,25,75,10,0,1,,1,0,1
,,,,,,,,,,,8/16/2015,Uva,Reef,BEAMS/G City,PAVA,60,40,45,8,60,40,45,8,1,1,1,0,1
,,,,,,,,,,,8/16/2015,Uva,Reef,BEAMS/G City,PODA,10,90,,,10,90,0,0,1,,,1,0
,,,,,,,,,,,8/16/2015,Uva,Reef,BEAMS/G City,PAVA,70,30,20,12,70,30,20,12,1,,1,0,1
,,,,,,,,,,,8/16/2015,Uva,Reef,BEAMS/G City,PSST,,80,5,,0,80,5,0,0,,,1,0
,,,,,,,,,,,8/16/2015,Uva,Reef,BEAMS/G City,PODA,10,90,,,10,90,0,0,1,,,1,0
,,,,,,,,,,,8/16/2015,Uva,Reef,BEAMS/G City,POEL,,90,5,,0,90,5,0,0,,,1,0
,,,,,,,,,,,8/16/2015,Uva,Reef,BEAMS/G City,PODA,10,40,5,,10,40,5,0,1,,,1,0
,,,,,,,,,,,8/16/2015,Uva,Reef,BEAMS/G City,GAPL,30,30,25,5,30,30,25,5,1,,1,0,1
,,,,,,,,,,,8/16/2015,Uva,Reef,BEAMS/G City,PAVA,50,50,35,5,50,50,35,5,1,,1,0,1
,,,,,,,,,,,8/16/2015,Uva,Reef,BEAMS/G City,PAVA,80,20,40,10,80,20,40,10,1,1,1,0,1
,,,,,,,,,,,8/16/2015,Uva,Reef,BEAMS/G City,PODA,,80,5,,0,80,5,0,0,,,1,0
,,,,,,,,,,,8/16/2015,Uva,Reef,BEAMS/G City,PODA,,90,15,,0,90,15,0,0,,,1,0
,,,,,,,,,,,8/16/2015,Uva,Reef,BEAMS/G City,PAVA,50,50,15,5,50,50,15,5,1,,1,0,1
,,,,,,,,,,,8/16/2015,Uva,Reef,BEAMS/G City,PODA,30,70,10,,30,70,10,0,1,,1,0,1
,,,,,,,,,,,8/16/2015,Uva,Reef,BEAMS/G City,POEL,,80,5,,0,80,5,0,0,,,1,0
,,,,,,,,,,,8/16/2015,Uva,Reef,BEAMS/G City,POEL,,60,10,,0,60,10,0,0,,,1,0
,,,,,,,,,,,8/16/2015,Uva,Reef,BEAMS/G City,GAPL,,40,20,,0,40,20,0,0,,,1,0
,,,,,,,,,,,8/16/2015,Uva,Reef,BEAMS/G City,POPA,50,50,5,,50,50,5,0,1,,1,0,1
,,,,,,,,,,,8/16/2015,Uva,Reef,BEAMS/G City,POPA,,100,5,,0,100,5,0,0,,,1,0
,,,,,,,,,,,8/16/2015,Uva,Reef,BEAMS/G City,PODA,,50,5,,0,50,5,0,0,,,1,0
,,,,,,,,,,,8/16/2015,Uva,Reef,BEAMS/G City,POEL,,10,10,,0,10,10,0,0,,,1,0
,,,,,,,,,,,8/16/2015,Uva,Reef,BEAMS/G City,POPA,,100,,,0,100,0,0,0,,,1,0
,,,,,,,,,,,8/16/2015,Uva,Reef,BEAMS/G City,POPA,10,90,5,,10,90,5,0,1,,,1,0
,,,,,,,,,,,8/16/2015,Uva,Reef,BEAMS/G City,GAPL,10,50,15,,10,50,15,0,1,,,1,0
,,,,,,,,,,,8/16/2015,Uva,Reef,BEAMS/G City,PODA,,100,5,,0,100,5,0,0,,,1,0
,,,,,,,,,,,8/16/2015,Uva,Reef,BEAMS/G City,PAVA,30,20,15,,30,20,15,0,1,,1,0,1
,,,,,,,,,,,8/16/2015,Uva,Reef,BEAMS/G City,PAGI,40,60,10,,40,60,10,0,1,,1,0,1
,,,,,,,,,,,8/16/2015,Uva,Reef,BEAMS/G City,PSST,,50,10,,0,50,10,0,0,,,1,0
,,,,,,,,,,,8/16/2015,Uva,Reef,BEAMS/G City,PAVA,20,60,20,,20,60,20,0,1,,1,0,1
,,,,,,,,,,,8/16/2015,Uva,Reef,BEAMS/G City,POPA,,100,5,,0,100,5,0,0,,,1,0
,,,,,,,,,,,8/16/2015,Uva,Reef,BEAMS/G City,PACL,30,50,20,,30,50,20,0,1,,1,0,1
,,,,,,,,,,,8/16/2015,Uva,Reef,BEAMS/G City,PAVA,70,20,10,5,70,20,10,5,1,,1,0,1
,,,,,,,,,,,8/16/2015,Uva,Reef,BEAMS/G City,POPA,30,40,60,,30,40,60,0,1,1,1,0,1
,,,,,,,,,,,8/16/2015,Uva,Reef,BEAMS/G City,PODA,95,5,5,,95,5,5,0,1,,1,0,1
,,,,,,,,,,,8/16/2015,Uva,Reef,Forereef,GAPL,4,10,8,,4,10,8,0,1,,,1,0
,,,,,,,,,,,8/16/2015,Uva,Reef,Forereef,PAVA,38,10,30,,38,10,30,0,1,,1,0,1
,,,,,,,,,,,8/16/2015,Uva,Reef,Forereef,GAPL,20,40,60,,20,40,60,0,1,1,1,0,1
,,,,,,,,,,,8/16/2015,Uva,Reef,Forereef,PAVA,70,,65,4,70,0,65,4,1,1,1,0,1
,,,,,,,,,,,8/16/2015,Uva,Reef,Forereef,POPA,,25,15,4,0,25,15,4,0,,,1,0
,,,,,,,,,,,8/16/2015,Uva,Reef,Forereef,PAGI,20,50,16,,20,50,16,0,1,,1,0,1
,,,,,,,,,,,8/16/2015,Uva,Reef,Forereef,POLO,85,15,15,3,85,15,15,3,1,,1,0,1
,,,,,,,,,,,8/16/2015,Uva,Reef,Forereef,POLO,100,,,10,100,0,0,10,1,,1,0,1
,,,,,,,,,,,8/16/2015,Uva,Reef,Forereef,PODA,,,10,,0,0,10,0,0,,,1,0
,,,,,,,,,,,8/16/2015,Uva,Reef,Forereef,POEL,,,5,,0,0,5,0,0,,,1,0
,,,,,,,,,,,8/16/2015,Uva,Reef,Forereef,PODA,,,,,0,0,0,0,0,,,1,0
,,,,,,,,,,,8/16/2015,Uva,Reef,Forereef,PODA,,,55,,0,0,55,0,0,1,,0,1
,,,,,,,,,,,8/16/2015,Uva,Reef,Forereef,PODA,50,50,20,,50,50,20,0,1,,1,0,1
,,,,,,,,,,,8/16/2015,Uva,Reef,Forereef,PODA,,,55,,0,0,55,0,0,1,,0,1
,,,,,,,,,,,8/16/2015,Uva,Reef,Forereef,PODA,,20,40,,0,20,40,0,0,,,1,0
,,,,,,,,,,,8/16/2015,Uva,Reef,Forereef,PACL,50,50,20,,50,50,20,0,1,,1,0,1
,,,,,,,,,,,8/16/2015,Uva,Reef,Forereef,PAGI,,75,,,0,75,0,0,0,,,1,0
,,,,,,,,,,,8/16/2015,Uva,Reef,Forereef,GAPL,100,,75,,100,0,75,0,1,1,1,0,1
,,,,,,,,,,,8/16/2015,Uva,Reef,Forereef,POLO,,50,,,0,50,0,0,0,,,1,0
,,,,,,,,,,,8/16/2015,Uva,Reef,Forereef,PACL,100,,,50,100,0,0,50,1,1,1,0,1
,,,,,,,,,,,8/16/2015,Uva,Reef,Forereef,POLO,,25,,,0,25,0,0,0,,,1,0
,,,,,,,,,,,8/17/2015,Uva,Reef,Backreef,PODA,95,5,10,,95,5,10,0,1,,1,0,1
,,,,,,,,,,,8/17/2015,Uva,Reef,Backreef,PODA,,60,5,,0,60,5,0,0,,,1,0
,,,,,,,,,,,8/17/2015,Uva,Reef,Backreef,PAVA,80,10,35,15,80,10,35,15,1,1,1,0,1
,,,,,,,,,,,8/17/2015,Uva,Reef,Backreef,PAVA,90,10,30,30,90,10,30,30,1,1,1,0,1
,,,,,,,,,,,8/17/2015,Uva,Reef,Backreef,PAVA,95,5,25,15,95,5,25,15,1,,1,0,1
,,,,,,,,,,,8/17/2015,Uva,Reef,Backreef,POLO,20,80,10,,20,80,10,0,1,,1,0,1
,,,,,,,,,,,8/17/2015,Uva,Reef,Backreef,PACL,80,20,10,5,80,20,10,5,1,,1,0,1
,,,,,,,,,,,8/17/2015,Uva,Reef,Backreef,POLO,20,80,25,10,20,80,25,10,1,,1,0,1
,,,,,,,,,,,8/17/2015,Uva,Reef,Backreef,POLO,10,50,15,4,10,50,15,4,1,,,1,0
,,,,,,,,,,,8/17/2015,Uva,Reef,Backreef,POLO,,60,45,,0,60,45,0,0,,,1,0
,,,,,,,,,,,8/17/2015,Uva,Reef,Backreef,POEL,,20,10,,0,20,10,0,0,,,1,0
,,,,,,,,,,,8/17/2015,Uva,Reef,Backreef,POEL,,40,10,,0,40,10,0,0,,,1,0
,,,,,,,,,,,8/17/2015,Uva,Reef,Backreef,POLO,10,40,45,5,10,40,45,5,1,1,,0,1
,,,,,,,,,,,8/17/2015,Uva,Reef,Backreef,POLO,,30,15,,0,30,15,0,0,,,1,0
,,,,,,,,,,,8/17/2015,Uva,Reef,Backreef,POLO,,20,10,5,0,20,10,5,0,,,1,0
,,,,,,,,,,,8/17/2015,Uva,Reef,Backreef,PACL,60,40,30,,60,40,30,0,1,,1,0,1
,,,,,,,,,,,8/17/2015,Uva,Reef,Backreef,PACL,10,30,75,5,10,30,75,5,1,1,,0,1
,,,,,,,,,,,8/17/2015,Uva,Reef,Backreef,POLO,,30,20,,0,30,20,0,0,,,1,0
,,,,,,,,,,,8/17/2015,Uva,Reef,Backreef,PACL,10,40,75,5,10,40,75,5,1,1,,0,1
,,,,,,,,,,,8/17/2015,Uva,Reef,Backreef,PACL,60,20,60,5,60,20,60,5,1,1,1,0,1
,,,,,,,,,,,8/17/2015,Uva,Reef,Backreef,POLO,,10,25,,0,10,25,0,0,,,1,0
,,,,,,,,,,,8/17/2015,Uva,Reef,Backreef,PACL,40,60,50,,40,60,50,0,1,1,1,0,1
,,,,,,,,,,,8/17/2015,Uva,Reef,Backreef,PACL,20,30,60,5,20,30,60,5,1,1,1,0,1
,,,,,,,,,,,8/17/2015,Uva,Reef,Backreef,PACL,30,40,50,5,30,40,50,5,1,1,1,0,1
,,,,,,,,,,,8/17/2015,Uva,Reef,Backreef,POLO,,40,10,,0,40,10,0,0,,,1,0
,,,,,,,,,,,8/17/2015,Uva,Reef,Backreef,PACL,60,20,60,5,60,20,60,5,1,1,1,0,1
,,,,,,,,,,,8/17/2015,Uva,Reef,Backreef,PACL,80,20,50,5,80,20,50,5,1,1,1,0,1
,,,,,,,,,,,8/17/2015,Uva,Reef,Backreef,POLO,,60,15,5,0,60,15,5,0,,,1,0
,,,,,,,,,,,8/17/2015,Uva,Reef,Backreef,GAPL,100,,75,5,100,0,75,5,1,1,1,0,1
,,,,,,,,,,,8/17/2015,Uva,Reef,Backreef,POEL,60,20,10,,60,20,10,0,1,,1,0,1
,,,,,,,,,,,8/17/2015,Uva,Reef,Backreef,PACL,50,20,45,5,50,20,45,5,1,1,1,0,1
,,,,,,,,,,,8/17/2015,Uva,Reef,Backreef,POEL,,20,10,,0,20,10,0,0,,,1,0
,,,,,,,,,,,8/17/2015,Uva,Reef,Backreef,POLO,10,40,5,,10,40,5,0,1,,,1,0
,,,,,,,,,,,8/17/2015,Uva,Reef,Backreef,PACL,,60,25,5,0,60,25,5,0,,,1,0
,,,,,,,,,,,8/17/2015,Uva,Reef,Backreef,PACL,80,20,10,5,80,20,10,5,1,,1,0,1
,,,,,,,,,,,8/17/2015,Uva,Reef,Backreef,PAGI,10,60,20,5,10,60,20,5,1,,,1,0
,,,,,,,,,,,8/17/2015,Uva,Reef,Backreef,PACL,50,30,10,5,50,30,10,5,1,,1,0,1
,,,,,,,,,,,8/17/2015,Uva,Reef,Backreef,PACL,60,30,25,5,60,30,25,5,1,,1,0,1
,,,,,,,,,,,8/17/2015,Uva,Reef,Backreef,PACL,80,20,15,5,80,20,15,5,1,,1,0,1
,,,,,,,,,,,8/17/2015,Uva,Reef,Backreef,PACL,70,30,30,15,70,30,30,15,1,,1,0,1
,,,,,,,,,,,8/17/2015,Uva,Reef,Ridley,PODA,,,4,,0,0,4,0,0,,,1,0
,,,,,,,,,,,8/17/2015,Uva,Reef,Ridley,PAVA,,30,10,,0,30,10,0,0,,,1,0
,,,,,,,,,,,8/17/2015,Uva,Reef,Ridley,PACH,,,50,,0,0,50,0,0,1,,0,1
,,,,,,,,,,,8/17/2015,Uva,Reef,Ridley,PODA,,,,,0,0,0,0,0,,,1,0
,,,,,,,,,,,8/17/2015,Uva,Reef,Ridley,POEL,,,15,,0,0,15,0,0,,,1,0
,,,,,,,,,,,8/17/2015,Uva,Reef,Ridley,POEL,6,5,13,5,6,5,13,5,1,,,1,0
,,,,,,,,,,,8/17/2015,Uva,Reef,Ridley,POLO,16,70,20,,16,70,20,0,1,,1,0,1
,,,,,,,,,,,8/17/2015,Uva,Reef,Ridley,PAGI,,,,,0,0,0,0,0,,,1,0
,,,,,,,,,,,8/17/2015,Uva,Reef,Ridley,POLO,,40,20,,0,40,20,0,0,,,1,0
,,,,,,,,,,,8/17/2015,Uva,Reef,Ridley,POEL,5,15,65,,5,15,65,0,1,1,,0,1
,,,,,,,,,,,8/17/2015,Uva,Reef,Ridley,POLO,,10,,,0,10,0,0,0,,,1,0
,,,,,,,,,,,8/17/2015,Uva,Reef,Ridley,MIIN,95,5,20,,95,5,20,0,1,,1,0,1
,,,,,,,,,,,8/17/2015,Uva,Reef,Ridley,PACL,10,60,55,,10,60,55,0,1,1,,0,1
,,,,,,,,,,,8/17/2015,Uva,Reef,Ridley,PODA,5,45,10,,5,45,10,0,1,,,1,0
,,,,,,,,,,,8/17/2015,Uva,Reef,Ridley,POLO,5,80,5,,5,80,5,0,1,,,1,0
,,,,,,,,,,,8/17/2015,Uva,Reef,Ridley,POEL,20,60,5,,20,60,5,0,1,,1,0,1
,,,,,,,,,,,8/17/2015,Uva,Reef,Ridley,PODA,,50,10,,0,50,10,0,0,,,1,0
,,,,,,,,,,,8/17/2015,Uva,Reef,Ridley,POEL,50,40,5,5,50,40,5,5,1,,1,0,1
,,,,,,,,,,,8/17/2015,Uva,Reef,Ridley,PAGI,5,30,40,,5,30,40,0,1,,,1,0
,,,,,,,,,,,8/17/2015,Uva,Reef,Ridley,PODA,,50,15,,0,50,15,0,0,,,1,0
,,,,,,,,,,,8/17/2015,Uva,Reef,Ridley,POEL,10,40,5,,10,40,5,0,1,,,1,0
,,,,,,,,,,,8/17/2015,Uva,Reef,Ridley,POLO,,35,30,,0,35,30,0,0,,,1,0
,,,,,,,,,,,8/17/2015,Uva,Reef,Ridley,PACL,20,60,25,,20,60,25,0,1,,1,0,1
,,,,,,,,,,,8/17/2015,Uva,Reef,Ridley,POEL,5,55,5,,5,55,5,0,1,,,1,0
,,,,,,,,,,,8/17/2015,Uva,Reef,Ridley,MIIN,95,5,10,60,95,5,10,60,1,1,1,0,1
,,,,,,,,,,,8/17/2015,Uva,Reef,Ridley,PAGI,20,60,30,,20,60,30,0,1,,1,0,1
,,,,,,,,,,,8/17/2015,Uva,Reef,Ridley,PODA,60,30,30,10,60,30,30,10,1,,1,0,1
,,,,,,,,,,,8/17/2015,Uva,Reef,Ridley,POEL,40,30,5,,40,30,5,0,1,,1,0,1
,,,,,,,,,,,8/17/2015,Uva,Reef,Reef Flat,PAGI,,90,5,,0,90,5,0,0,,,1,0
,,,,,,,,,,,8/17/2015,Uva,Reef,Reef Flat,GAPL,60,30,20,5,60,30,20,5,1,,1,0,1
,,,,,,,,,,,8/17/2015,Uva,Reef,Reef Flat,PAGI,30,60,5,,30,60,5,0,1,,1,0,1
,,,,,,,,,,,8/17/2015,Uva,Reef,Reef Flat,PAGI,30,60,20,,30,60,20,0,1,,1,0,1
,,,,,,,,,,,8/17/2015,Uva,Reef,Reef Flat,PAGI,30,40,5,,30,40,5,0,1,,1,0,1
,,,,,,,,,,,8/17/2015,Uva,Reef,Reef Flat,GAPL,20,40,15,15,20,40,15,15,1,,1,0,1
,,,,,,,,,,,8/17/2015,Uva,Reef,Reef Flat,GAPL,30,60,15,15,30,60,15,15,1,,1,0,1
,,,,,,,,,,,8/17/2015,Uva,Reef,Reef Flat,GAPL,50,40,10,15,50,40,10,15,1,,1,0,1
,,,,,,,,,,,8/17/2015,Uva,Reef,Reef Flat,GAPL,20,40,5,10,20,40,5,10,1,,1,0,1
,,,,,,,,,,,8/17/2015,Uva,Reef,Reef Flat,PAGI,10,50,20,5,10,50,20,5,1,,,1,0
,,,,,,,,,,,8/17/2015,Uva,Reef,Reef Flat,PAGI,20,40,10,5,20,40,10,5,1,,1,0,1
,,,,,,,,,,,8/18/2015,Uva,Reef,Coral Colxn Pt,POEL,,30,5,,0,30,5,0,0,,,1,0
,,,,,,,,,,,8/18/2015,Uva,Reef,Coral Colxn Pt,POEL,5,40,10,,5,40,10,0,1,,,1,0
,,,,,,,,,,,8/18/2015,Uva,Reef,Coral Colxn Pt,POPA,10,70,10,,10,70,10,0,1,,,1,0
,,,,,,,,,,,8/18/2015,Uva,Reef,Coral Colxn Pt,PODA,,10,5,,0,10,5,0,0,,,1,0
,,,,,,,,,,,8/18/2015,Uva,Reef,Coral Colxn Pt,POLO,,30,25,,0,30,25,0,0,,,1,0
,,,,,,,,,,,8/18/2015,Uva,Reef,Coral Colxn Pt,PAGI,5,20,10,,5,20,10,0,1,,,1,0
,,,,,,,,,,,8/18/2015,Uva,Reef,Coral Colxn Pt,PACL,30,40,15,,30,40,15,0,1,,1,0,1
,,,,,,,,,,,8/18/2015,Uva,Reef,Coral Colxn Pt,PODA,30,30,10,,30,30,10,0,1,,1,0,1
,,,,,,,,,,,8/18/2015,Uva,Reef,Coral Colxn Pt,POEL,,20,5,,0,20,5,0,0,,,1,0
,,,,,,,,,,,8/18/2015,Uva,Reef,Coral Colxn Pt,POLO,95,5,50,10,95,5,50,10,1,1,1,0,1
,,,,,,,,,,,8/18/2015,Uva,Reef,Coral Colxn Pt,PODA,,40,15,5,0,40,15,5,0,,,1,0
,,,,,,,,,,,8/18/2015,Uva,Reef,Coral Colxn Pt,PODA,95,5,5,5,95,5,5,5,1,,1,0,1
,,,,,,,,,,,8/18/2015,Uva,Reef,Ridley,PODA,,,87,,0,0,87,0,0,1,,0,1
,,,,,,,,,,,8/18/2015,Uva,Reef,Ridley,POPA,90,10,,,90,10,0,0,1,,1,0,1
,,,,,,,,,,,8/18/2015,Uva,Reef,Ridley,POEL,2,15,15,2,2,15,15,2,1,,,1,0
,,,,,,,,,,,8/18/2015,Uva,Reef,Ridley,PODA,,,,,0,0,0,0,0,,,1,0
,,,,,,,,,,,8/18/2015,Uva,Reef,Ridley,POPA,90,10,,,90,10,0,0,1,,1,0,1
,,,,,,,,,,,8/18/2015,Uva,Reef,Ridley,PAGI,40,10,25,,40,10,25,0,1,,1,0,1
,,,,,,,,,,,8/18/2015,Uva,Reef,Ridley,POEL,,3,20,,0,3,20,0,0,,,1,0
,,,,,,,,,,,8/18/2015,Uva,Reef,Ridley,PACH,60,30,65,,60,30,65,0,1,1,1,0,1
,,,,,,,,,,,8/18/2015,Uva,Reef,Ridley,POEL,,,20,5,0,0,20,5,0,,,1,0
,,,,,,,,,,,8/18/2015,Uva,Reef,Ridley,POEL,10,25,12,,10,25,12,0,1,,,1,0
,,,,,,,,,,,8/18/2015,Uva,Reef,Coral Colxn Pt,POEL,,40,5,,0,40,5,0,0,,,1,0
,,,,,,,,,,,8/18/2015,Uva,Reef,Coral Colxn Pt,POLO,10,60,50,,10,60,50,0,1,1,,0,1
,,,,,,,,,,,8/18/2015,Uva,Reef,Coral Colxn Pt,POLO,5,70,60,,5,70,60,0,1,1,,0,1
,,,,,,,,,,,8/18/2015,Uva,Reef,Coral Colxn Pt,POLO,10,80,30,,10,80,30,0,1,,,1,0
,,,,,,,,,,,8/18/2015,Uva,Reef,Coral Colxn Pt,POLO,,10,10,,0,10,10,0,0,,,1,0
,,,,,,,,,,,8/18/2015,Uva,Reef,Coral Colxn Pt,PAGI,10,60,25,,10,60,25,0,1,,,1,0
,,,,,,,,,,,8/18/2015,Uva,Reef,Coral Colxn Pt,PACL,60,20,10,,60,20,10,0,1,,1,0,1
,,,,,,,,,,,8/18/2015,Uva,Reef,Coral Colxn Pt,POLO,10,80,20,,10,80,20,0,1,,,1,0
,,,,,,,,,,,8/18/2015,Uva,Reef,Coral Colxn Pt,POEL,20,75,5,,20,75,5,0,1,,1,0,1
,,,,,,,,,,,8/18/2015,Uva,Reef,Coral Colxn Pt,PAGI,40,30,5,,40,30,5,0,1,,1,0,1
,,,,,,,,,,,8/18/2015,Uva,Reef,Coral Colxn Pt,POLO,5,20,15,,5,20,15,0,1,,,1,0
,,,,,,,,,,,8/18/2015,Uva,Reef,Coral Colxn Pt,POEL,,10,5,,0,10,5,0,0,,,1,0
,,,,,,,,,,,8/18/2015,Uva,Reef,Coral Colxn Pt,PAVA,5,10,,,5,10,0,0,1,,,1,0
,,,,,,,,,,,8/18/2015,Uva,Reef,Coral Colxn Pt,POPA,80,20,,,80,20,0,0,1,,1,0,1
,,,,,,,,,,,8/18/2015,Uva,Reef,Coral Colxn Pt,PACL,30,60,25,,30,60,25,0,1,,1,0,1
,,,,,,,,,,,8/18/2015,Uva,Reef,Coral Colxn Pt,POPA,20,60,30,,20,60,30,0,1,,1,0,1
,,,,,,,,,,,8/18/2015,Uva,Reef,Coral Colxn Pt,PODA,70,10,10,5,70,10,10,5,1,,1,0,1
,,,,,,,,,,,8/18/2015,Uva,Reef,Coral Colxn Pt,POLO,40,60,15,5,40,60,15,5,1,,1,0,1
,,,,,,,,,,,8/18/2015,Uva,Reef,Coral Colxn Pt,POPA,,90,10,,0,90,10,0,0,,,1,0
,,,,,,,,,,,8/18/2015,Uva,Reef,Coral Colxn Pt,POEL,,40,10,,0,40,10,0,0,,,1,0
,,,,,,,,,,,8/18/2015,Uva,Reef,Coral Colxn Pt,POLO,90,10,5,,90,10,5,0,1,,1,0,1
,,,,,,,,,,,8/18/2015,Uva,Reef,Coral Colxn Pt,POLO,,75,25,,0,75,25,0,0,,,1,0
,,,,,,,,,,,8/18/2015,Uva,Reef,Coral Colxn Pt,PAGI,5,80,65,,5,80,65,0,1,1,,0,1
,,,,,,,,,,,8/18/2015,Uva,Reef,Coral Colxn Pt,PACL,40,50,45,,40,50,45,0,1,,1,0,1
,,,,,,,,,,,8/18/2015,Uva,Reef,Coral Colxn Pt,POPA,,100,10,,0,100,10,0,0,,,1,0
,,,,,,,,,,,8/18/2015,Uva,Reef,Coral Colxn Pt,POLO,,40,10,,0,40,10,0,0,,,1,0
,,,,,,,,,,,8/18/2015,Uva,Reef,Coral Colxn Pt,POEL,,40,,,0,40,0,0,0,,,1,0
,,,,,,,,,,,8/18/2015,Uva,Reef,Coral Colxn Pt,PODA,,20,,,0,20,0,0,0,,,1,0
,,,,,,,,,,,8/18/2015,Uva,Reef,Coral Colxn Pt,PAVA,10,40,15,,10,40,15,0,1,,,1,0
,,,,,,,,,,,8/18/2015,Uva,Reef,Coral Colxn Pt,GAPL,60,20,10,,60,20,10,0,1,,1,0,1
,,,,,,,,,,,8/18/2015,Uva,Reef,Coral Colxn Pt,POLO,20,80,,,20,80,0,0,1,,1,0,1
,,,,,,,,,,,8/18/2015,Uva,Reef,Coral Colxn Pt,POEL,10,30,10,,10,30,10,0,1,,,1,0
,,,,,,,,,,,8/18/2015,Uva,Reef,Coral Colxn Pt,PAGI,,40,70,,0,40,70,0,0,1,,0,1
,,,,,,,,,,,8/18/2015,Uva,Reef,Coral Colxn Pt,POLO,20,70,20,,20,70,20,0,1,,1,0,1
,,,,,,,,,,,8/18/2015,Uva,Reef,Coral Colxn Pt,PAGI,10,60,35,,10,60,35,0,1,,,1,0
,,,,,,,,,,,8/18/2015,Uva,Reef,Coral Colxn Pt,POEL,20,30,10,20,20,30,10,20,1,,1,0,1
,,,,,,,,,,,8/18/2015,Uva,Reef,Coral Colxn Pt,PAGI,20,40,20,,20,40,20,0,1,,1,0,1
,,,,,,,,,,,8/18/2015,Uva,Reef,Coral Colxn Pt,POLO,,30,25,,0,30,25,0,0,,,1,0
,,,,,,,,,,,8/18/2015,Uva,Reef,Coral Colxn Pt,PAGI,10,40,30,,10,40,30,0,1,,,1,0
,,,,,,,,,,,8/18/2015,Uva,Reef,Coral Colxn Pt,POEL,5,30,5,,5,30,5,0,1,,,1,0
,,,,,,,,,,,8/18/2015,Uva,Reef,Coral Colxn Pt,PAGI,5,40,40,,5,40,40,0,1,,,1,0
,,,,,,,,,,,8/18/2015,Uva,Reef,Coral Colxn Pt,POPA,30,70,15,,30,70,15,0,1,,1,0,1
,,,,,,,,,,,8/18/2015,Uva,Reef,Coral Colxn Pt,PAVA,30,30,20,,30,30,20,0,1,,1,0,1
,,,,,,,,,,,8/18/2015,Uva,Reef,Coral Colxn Pt,PODA,,30,,,0,30,0,0,0,,,1,0
,,,,,,,,,,,8/18/2015,Uva,Reef,Coral Colxn Pt,POEL,,20,15,,0,20,15,0,0,,,1,0
,,,,,,,,,,,8/18/2015,Uva,Reef,Coral Colxn Pt,PACL,30,40,15,,30,40,15,0,1,,1,0,1
,,,,,,,,,,,8/18/2015,Uva,Reef,Coral Colxn Pt,PODA,80,10,10,10,80,10,10,10,1,,1,0,1
,,,,,,,,,,,8/18/2015,Uva,Reef,Coral Colxn Pt,POPA,10,60,5,,10,60,5,0,1,,,1,0
,,,,,,,,,,,8/18/2015,Uva,Reef,Ridley,PODA,30,,5,,30,0,5,0,1,,1,0,1
,,,,,,,,,,,8/18/2015,Uva,Reef,Ridley,POPA,100,,,,100,0,0,0,1,,1,0,1
,,,,,,,,,,,8/18/2015,Uva,Reef,Ridley,POLO,,80,,,0,80,0,0,0,,,1,0
,,,,,,,,,,,8/18/2015,Uva,Reef,Ridley,PODA,,20,30,,0,20,30,0,0,,,1,0
,,,,,,,,,,,8/18/2015,Uva,Reef,Ridley,POLO,,50,25,,0,50,25,0,0,,,1,0
,,,,,,,,,,,8/18/2015,Uva,Reef,Ridley,PODA,,10,10,,0,10,10,0,0,,,1,0
,,,,,,,,,,,8/18/2015,Uva,Reef,Ridley,POLO,,100,5,,0,100,5,0,0,,,1,0
,,,,,,,,,,,8/18/2015,Uva,Reef,Ridley,POPA,,10,,,0,10,0,0,0,,,1,0
,,,,,,,,,,,8/18/2015,Uva,Reef,Ridley,PODA,5,,25,,5,0,25,0,1,,,1,0
,,,,,,,,,,,8/18/2015,Uva,Reef,Ridley,POPA,100,,,,100,0,0,0,1,,1,0,1
,,,,,,,,,,,8/18/2015,Uva,Reef,Ridley,POPA,100,,,,100,0,0,0,1,,1,0,1
,,,,,,,,,,,8/18/2015,Uva,Reef,Ridley,POPA,100,,,,100,0,0,0,1,,1,0,1
,,,,,,,,,,,8/18/2015,Uva,Reef,Ridley,PACL,50,,25,,50,0,25,0,1,,1,0,1
,,,,,,,,,,,8/18/2015,Uva,Reef,Ridley,PACL,3,40,10,,3,40,10,0,1,,,1,0
,,,,,,,,,,,8/18/2015,Uva,Reef,Ridley,PODA,,,25,,0,0,25,0,0,,,1,0
,,,,,,,,,,,8/18/2015,Uva,Reef,Ridley,MIIN,100,,,25,100,0,0,25,1,,1,0,1
,,,,,,,,,,,8/18/2015,Uva,Reef,Ridley,POLO,,75,5,,0,75,5,0,0,,,1,0
,,,,,,,,,,,8/18/2015,Uva,Reef,Ridley,POPA,100,,,,100,0,0,0,1,,1,0,1
,,,,,,,,,,,8/18/2015,Uva,Reef,Ridley,POPA,100,,,,100,0,0,0,1,,1,0,1
,,,,,,,,,,,8/18/2015,Uva,Reef,Ridley,PODA,100,,15,,100,0,15,0,1,,1,0,1
,,,,,,,,,,,8/19/2015,Secas,Reef,Dog,POEL,,30,10,,0,30,10,0,0,,,1,0
,,,,,,,,,,,8/19/2015,Secas,Reef,Dog,POEL,,20,5,,0,20,5,0,0,,,1,0
,,,,,,,,,,,8/19/2015,Secas,Reef,Dog,PODA,,10,10,,0,10,10,0,0,,,1,0
,,,,,,,,,,,8/19/2015,Secas,Reef,Dog,PODA,10,20,20,10,10,20,20,10,1,,,1,0
,,,,,,,,,,,8/19/2015,Secas,Reef,Dog,POEL,,15,10,,0,15,10,0,0,,,1,0
,,,,,,,,,,,8/19/2015,Secas,Reef,Dog,POEL,5,5,10,5,5,5,10,5,1,,,1,0
,,,,,,,,,,,8/19/2015,Secas,Reef,Dog,PODA,,10,,,0,10,0,0,0,,,1,0
,,,,,,,,,,,8/19/2015,Secas,Reef,Dog,PODA,70,20,,,70,20,0,0,1,,1,0,1
,,,,,,,,,,,8/19/2015,Secas,Reef,Dog,POEL,60,30,5,,60,30,5,0,1,,1,0,1
,,,,,,,,,,,8/19/2015,Secas,Reef,Dog,POEL,,15,20,5,0,15,20,5,0,,,1,0
,,,,,,,,,,,8/19/2015,Secas,Reef,Dog,POLO,90,10,60,5,90,10,60,5,1,1,1,0,1
,,,,,,,,,,,8/19/2015,Secas,Reef,Dog,PAGI,20,40,40,,20,40,40,0,1,,1,0,1
,,,,,,,,,,,8/19/2015,Secas,Reef,Dog,POLO,20,40,5,,20,40,5,0,1,,1,0,1
,,,,,,,,,,,8/19/2015,Secas,Reef,Dog,PACL,70,20,20,5,70,20,20,5,1,,1,0,1
,,,,,,,,,,,8/19/2015,Secas,Reef,Dog,PAGI,,80,10,,0,80,10,0,0,,,1,0
,,,,,,,,,,,8/19/2015,Secas,Reef,Dog,PODA,20,60,10,,20,60,10,0,1,,1,0,1
,,,,,,,,,,,8/19/2015,Secas,Reef,Dog,PAGI,10,50,30,,10,50,30,0,1,,,1,0
,,,,,,,,,,,8/19/2015,Secas,Reef,Dog,POLO,,60,5,,0,60,5,0,0,,,1,0
,,,,,,,,,,,8/19/2015,Secas,Reef,Dog,PAVA,95,5,15,10,95,5,15,10,1,,1,0,1
,,,,,,,,,,,8/19/2015,Secas,Reef,Dog,PAVA,60,30,10,15,60,30,10,15,1,,1,0,1
,,,,,,,,,,,8/19/2015,Secas,Reef,Dog,PAVA,90,10,10,30,90,10,10,30,1,,1,0,1
,,,,,,,,,,,8/19/2015,Secas,Reef,Dog,MIIN,,,,100,0,0,0,100,0,1,,0,1
,,,,,,,,,,,8/19/2015,Secas,Reef,Dog,PAVA,90,10,20,20,90,10,20,20,1,,1,0,1
,,,,,,,,,,,8/19/2015,Secas,Reef,Dog,POEL,10,20,15,5,10,20,15,5,1,,,1,0
,,,,,,,,,,,8/19/2015,Secas,Reef,Dog,PODA,,40,5,,0,40,5,0,0,,,1,0
,,,,,,,,,,,8/19/2015,Secas,Reef,Dog,PACL,80,10,50,,80,10,50,0,1,1,1,0,1
,,,,,,,,,,,8/19/2015,Secas,Reef,Dog,POEL,,30,10,,0,30,10,0,0,,,1,0
,,,,,,,,,,,8/19/2015,Secas,Reef,Dog,PODA,5,70,5,5,5,70,5,5,1,,,1,0
,,,,,,,,,,,8/19/2015,Secas,Reef,Dog,POEL,30,60,5,,30,60,5,0,1,,1,0,1
,,,,,,,,,,,8/19/2015,Secas,Reef,Dog,PODA,,,,5,0,0,0,5,0,,,1,0
,,,,,,,,,,,8/19/2015,Secas,Reef,Dog,PODA,,,20,,0,0,20,0,0,,,1,0
,,,,,,,,,,,8/19/2015,Secas,Reef,Dog,PODA,,,,,0,0,0,0,0,,,1,0
,,,,,,,,,,,8/19/2015,Secas,Reef,Dog,POEL,,,10,2,0,0,10,2,0,,,1,0
,,,,,,,,,,,8/19/2015,Secas,Reef,Dog,PODA,,,60,15,0,0,60,15,0,1,,0,1
,,,,,,,,,,,8/19/2015,Secas,Reef,Dog,PODA,,,40,,0,0,40,0,0,,,1,0
,,,,,,,,,,,8/19/2015,Secas,Reef,Dog,POPA,,,,5,0,0,0,5,0,,,1,0
,,,,,,,,,,,8/19/2015,Secas,Reef,Dog,POPA,,60,,,0,60,0,0,0,,,1,0
,,,,,,,,,,,8/19/2015,Secas,Reef,Dog,PAGI,10,65,,,10,65,0,0,1,,,1,0
,,,,,,,,,,,8/19/2015,Secas,Reef,Dog,POLO,100,,45,5,100,0,45,5,1,1,1,0,1
,,,,,,,,,,,8/19/2015,Secas,Reef,Dog,POLO,85,15,15,,85,15,15,0,1,,1,0,1
,,,,,,,,,,,8/19/2015,Secas,Reef,Dog,POLO,80,20,35,,80,20,35,0,1,,1,0,1
,,,,,,,,,,,8/19/2015,Secas,Reef,Dog,POLO,100,,,,100,0,0,0,1,,1,0,1
,,,,,,,,,,,8/19/2015,Secas,Reef,Dog,POLO,85,15,5,,85,15,5,0,1,,1,0,1
,,,,,,,,,,,8/19/2015,Secas,Reef,Dog,PAGI,15,30,,,15,30,0,0,1,,1,0,1
,,,,,,,,,,,8/19/2015,Secas,Reef,Dog,POLO,80,20,15,10,80,20,15,10,1,,1,0,1
,,,,,,,,,,,8/19/2015,Secas,Reef,Dog,POLO,100,,,,100,0,0,0,1,,1,0,1
,,,,,,,,,,,8/19/2015,Secas,Reef,Dog,PACL,80,10,10,,80,10,10,0,1,,1,0,1
,,,,,,,,,,,8/19/2015,Secas,Reef,Dog,PAGI,60,40,,,60,40,0,0,1,,1,0,1
,,,,,,,,,,,8/19/2015,Secas,Reef,Dog,PAGI,50,40,55,15,50,40,55,15,1,1,1,0,1
,,,,,,,,,,,8/19/2015,Secas,Reef,Dog,POPA,80,20,,,80,20,0,0,1,,1,0,1
,,,,,,,,,,,8/19/2015,Secas,Reef,Dog,POLO,90,10,,,90,10,0,0,1,,1,0,1
,,,,,,,,,,,8/19/2015,Secas,Reef,Dog,PAGI,80,20,,,80,20,0,0,1,,1,0,1
,,,,,,,,,,,8/19/2015,Secas,Reef,Dog,PACL,80,10,65,2,80,10,65,2,1,1,1,0,1
,,,,,,,,,,,8/19/2015,Secas,Reef,Dog,POLO,,60,,,0,60,0,0,0,,,1,0
,,,,,,,,,,,8/19/2015,Secas,Reef,Dog,PACL,90,5,65,,90,5,65,0,1,1,1,0,1
,,,,,,,,,,,8/19/2015,Secas,Reef,Dog,PACL,65,15,15,5,65,15,15,5,1,,1,0,1
,,,,,,,,,,,8/19/2015,Secas,Reef,Dog,PAGI,,20,12,,0,20,12,0,0,,,1,0
,,,,,,,,,,,8/19/2015,Secas,Reef,Dog,PAGI,10,50,35,5,10,50,35,5,1,,,1,0
,,,,,,,,,,,8/19/2015,Secas,Reef,Dog,PACL,75,15,18,,75,15,18,0,1,,1,0,1
,,,,,,,,,,,8/19/2015,Secas,Reef,Dog,PACL,85,15,10,,85,15,10,0,1,,1,0,1
,,,,,,,,,,,8/19/2015,Secas,Reef,Dog,PAGI,40,40,65,,40,40,65,0,1,1,1,0,1
,,,,,,,,,,,8/19/2015,Secas,Reef,Dog,PAGI,35,50,60,,35,50,60,0,1,1,1,0,1
,,,,,,,,,,,8/19/2015,Secas,Reef,Dog,PAGI,8,10,,,8,10,0,0,1,,,1,0
,,,,,,,,,,,8/19/2015,Secas,Reef,Dog,PAGI,40,20,60,,40,20,60,0,1,1,1,0,1
,,,,,,,,,,,8/19/2015,Secas,Reef,Dog,PACL,90,5,4,,90,5,4,0,1,,1,0,1
,,,,,,,,,,,8/19/2015,Secas,Reef,Dog,PACL,60,20,20,2,60,20,20,2,1,,1,0,1
,,,,,,,,,,,8/19/2015,Secas,Reef,Dog,PAVA,100,,5,15,100,0,5,15,1,,1,0,1
,,,,,,,,,,,8/19/2015,Secas,Reef,Dog,POLO,,100,30,,0,100,30,0,0,,,1,0
,,,,,,,,,,,8/19/2015,Secas,Reef,Dog,PAVA,75,15,20,,75,15,20,0,1,,1,0,1
,,,,,,,,,,,8/19/2015,Secas,Reef,Dog,PAGI,15,60,65,,15,60,65,0,1,1,1,0,1
,,,,,,,,,,,8/19/2015,Secas,Reef,Dog,POLO,15,45,10,,15,45,10,0,1,,1,0,1
,,,,,,,,,,,8/19/2015,Secas,Reef,Dog,PAVA,75,10,,,75,10,0,0,1,,1,0,1
,,,,,,,,,,,8/19/2015,Secas,Reef,Dog,PAVA,80,10,75,4,80,10,75,4,1,1,1,0,1
,,,,,,,,,,,8/19/2015,Secas,Reef,Dog,PAVA,90,5,15,30,90,5,15,30,1,,1,0,1
,,,,,,,,,,,8/19/2015,Secas,Reef,Dog,PAVA,95,3,20,35,95,3,20,35,1,1,1,0,1
,,,,,,,,,,,8/19/2015,Secas,Reef,Dog,PAVA,75,15,30,7,75,15,30,7,1,,1,0,1
,,,,,,,,,,,8/19/2015,Secas,Reef,Dog,PAGI,,,50,5,0,0,50,5,0,1,,0,1
,,,,,,,,,,,8/19/2015,Secas,Reef,Dog,PAGI,35,25,70,,35,25,70,0,1,1,1,0,1
,,,,,,,,,,,8/19/2015,Secas,Reef,Dog,PAGI,75,15,35,5,75,15,35,5,1,,1,0,1
,,,,,,,,,,,8/19/2015,Secas,Reef,Dog,POEL,2,,40,,2,0,40,0,1,,,1,0
,,,,,,,,,,,8/19/2015,Secas,Reef,Dog,GAPL,30,40,15,,30,40,15,0,1,,1,0,1
,,,,,,,,,,,8/19/2015,Secas,Reef,Dog,GAPL,50,30,55,10,50,30,55,10,1,1,1,0,1
,,,,,,,,,,,8/19/2015,Secas,Reef,Dog,GAPL,40,15,90,,40,15,90,0,1,1,1,0,1
,,,,,,,,,,,8/19/2015,Secas,Reef,Dog,GAPL,70,15,20,,70,15,20,0,1,,1,0,1
,,,,,,,,,,,8/19/2015,Secas,Reef,Dog,POLO,,25,7,,0,25,7,0,0,,,1,0
,,,,,,,,,,,8/19/2015,Secas,Reef,Dog,POLO,4,65,60,,4,65,60,0,1,1,,0,1
,,,,,,,,,,,8/19/2015,Secas,Reef,Dog,GAPL,25,40,65,,25,40,65,0,1,1,1,0,1
,,,,,,,,,,,8/19/2015,Secas,Reef,Dog,GAPL,90,,25,,90,0,25,0,1,,1,0,1
,,,,,,,,,,,8/19/2015,Secas,Reef,Dog,MIIN,85,,45,5,85,0,45,5,1,1,1,0,1
,,,,,,,,,,,8/19/2015,Secas,Reef,Dog,MIIN,100,,,95,100,0,0,95,1,1,1,0,1
,,,,,,,,,,,8/19/2015,Secas,Reef,Dog,PACL,30,30,,3,30,30,0,3,1,,1,0,1
,,,,,,,,,,,8/19/2015,Secas,Reef,Dog,POPA,90,10,10,,90,10,10,0,1,,1,0,1
,,,,,,,,,,,8/19/2015,Secas,Reef,Dog,PACL,85,10,,,85,10,0,0,1,,1,0,1
,,,,,,,,,,,8/19/2015,Secas,Reef,Dog,PACL,35,45,,,35,45,0,0,1,,1,0,1
,,,,,,,,,,,8/19/2015,Secas,Reef,Dog,PODA,,,,,0,0,0,0,0,,,1,0
,,,,,,,,,,,8/19/2015,Secas,Reef,Dog,PODA,,,,,0,0,0,0,0,,,1,0
,,,,,,,,,,,8/19/2015,Secas,Reef,Dog,PAVA,90,10,80,,90,10,80,0,1,1,1,0,1
,,,,,,,,,,,8/19/2015,Secas,Reef,Dog,PAVA,90,10,60,,90,10,60,0,1,1,1,0,1
,,,,,,,,,,,8/19/2015,Secas,Reef,Dog,PAGI,50,50,75,,50,50,75,0,1,1,1,0,1
,,,,,,,,,,,8/19/2015,Secas,Reef,Dog,POEL,50,40,40,,50,40,40,0,1,,1,0,1
,,,,,,,,,,,8/19/2015,Secas,Reef,Dog,PODA,,,20,,0,0,20,0,0,,,1,0
,,,,,,,,,,,8/19/2015,Secas,Reef,Dog,PAGI,50,50,75,10,50,50,75,10,1,1,1,0,1
,,,,,,,,,,,8/19/2015,Secas,Reef,Dog,PAGI,75,25,60,20,75,25,60,20,1,1,1,0,1
,,,,,,,,,,,8/19/2015,Secas,Reef,Dog,PODA,,,5,,0,0,5,0,0,,,1,0
,,,,,,,,,,,8/19/2015,Secas,Reef,Dog,POEL,,,5,,0,0,5,0,0,,,1,0
,,,,,,,,,,,8/19/2015,Secas,Reef,Dog,PODA,100,,,65,100,0,0,65,1,1,1,0,1
,,,,,,,,,,,8/19/2015,Secas,Reef,Dog,PAGI,50,,75,,50,0,75,0,1,1,1,0,1
,,,,,,,,,,,8/19/2015,Secas,Reef,Dog,PACL,75,,5,,75,0,5,0,1,,1,0,1
,,,,,,,,,,,8/19/2015,Secas,Reef,Dog,MIIN,100,,,75,100,0,0,75,1,1,1,0,1
,,,,,,,,,,,8/19/2015,Secas,Reef,Dog,PAGI,,50,15,,0,50,15,0,0,,,1,0
,,,,,,,,,,,8/19/2015,Secas,Reef,Dog,PAGI,50,50,50,,50,50,50,0,1,1,1,0,1
,,,,,,,,,,,8/19/2015,Secas,Reef,Dog,POEL,,,5,,0,0,5,0,0,,,1,0
,,,,,,,,,,,8/19/2015,Secas,Reef,Dog,POEL,,,,,0,0,0,0,0,,,1,0
,,,,,,,,,,,8/19/2015,Secas,Reef,Dog,PAGI,50,50,10,50,50,50,10,50,1,1,1,0,1
,,,,,,,,,,,8/19/2015,Secas,Reef,Dog,PAGI,,100,25,,0,100,25,0,0,,,1,0
,,,,,,,,,,,8/19/2015,Secas,Reef,Dog,PAVA,50,,5,,50,0,5,0,1,,1,0,1
,,,,,,,,,,,8/19/2015,Secas,Reef,Dog,PAVA,75,,25,25,75,0,25,25,1,1,1,0,1
,,,,,,,,,,,8/19/2015,Secas,Reef,Dog,PAVA,95,,,25,95,0,0,25,1,,1,0,1
,,,,,,,,,,,8/19/2015,Secas,Reef,Dog,PODA,25,,5,,25,0,5,0,1,,1,0,1
,,,,,,,,,,,8/20/2015,Uva,Reef,Millepora,MIIN,,,,100,0,0,0,100,0,1,,0,1
,,,,,,,,,,,8/20/2015,Uva,Reef,Millepora,MIIN,,,,100,0,0,0,100,0,1,,0,1
,,,,,,,,,,,8/20/2015,Uva,Reef,Millepora,MIIN,,,,100,0,0,0,100,0,1,,0,1
,,,,,,,,,,,8/20/2015,Uva,Reef,Millepora,MIIN,,,,100,0,0,0,100,0,1,,0,1
,,,,,,,,,,,8/20/2015,Uva,Reef,Millepora,MIIN,,,,100,0,0,0,100,0,1,,0,1
,,,,,,,,,,,8/20/2015,Uva,Reef,Millepora,MIIN,,,,100,0,0,0,100,0,1,,0,1
,,,,,,,,,,,8/20/2015,Uva,Reef,Millepora,MIIN,,,,100,0,0,0,100,0,1,,0,1
,,,,,,,,,,,8/20/2015,Uva,Reef,Millepora,MIIN,,,,100,0,0,0,100,0,1,,0,1
,,,,,,,,,,,8/20/2015,Uva,Reef,Millepora,MIIN,,,10,90,0,0,10,90,0,1,,0,1
,,,,,,,,,,,8/20/2015,Uva,Reef,Millepora,MIIN,80,20,,96,80,20,0,96,1,1,1,0,1
,,,,,,,,,,,8/20/2015,Uva,Reef,Millepora,MIIN,,,20,80,0,0,20,80,0,1,,0,1
,,,,,,,,,,,8/20/2015,Uva,Reef,Millepora,MIIN,,,,100,0,0,0,100,0,1,,0,1
,,,,,,,,,,,8/20/2015,Uva,Reef,Millepora,MIIN,,,,100,0,0,0,100,0,1,,0,1
,,,,,,,,,,,8/20/2015,Uva,Reef,Millepora,MIIN,,,,100,0,0,0,100,0,1,,0,1
,,,,,,,,,,,8/20/2015,Uva,Reef,Millepora,MIIN,,,,100,0,0,0,100,0,1,,0,1
,,,,,,,,,,,8/20/2015,Uva,Reef,Millepora,MIIN,,,,100,0,0,0,100,0,1,,0,1
,,,,,,,,,,,8/20/2015,Uva,Reef,Millepora,MIIN,,,,100,0,0,0,100,0,1,,0,1
,,,,,,,,,,,8/20/2015,Uva,Reef,Millepora,MIIN,,,,100,0,0,0,100,0,1,,0,1
,,,,,,,,,,,8/20/2015,Uva,Reef,Millepora,MIIN,,,,100,0,0,0,100,0,1,,0,1
,,,,,,,,,,,8/20/2015,Uva,Reef,Millepora,MIIN,,,,100,0,0,0,100,0,1,,0,1
,,,,,,,,,,,8/20/2015,Uva,Reef,Millepora,MIIN,,,,100,0,0,0,100,0,1,,0,1
,,,,,,,,,,,8/21/2015,Canal de Afuera,Mooring,Wahoo Rock,POLO,20,40,,5,20,40,0,5,1,,1,0,1
,,,,,,,,,,,8/21/2015,Canal de Afuera,Mooring,Wahoo Rock,POEL,,50,,,0,50,0,0,0,,,1,0
,,,,,,,,,,,8/21/2015,Canal de Afuera,Mooring,Wahoo Rock,PACL,50,,50,,50,0,50,0,1,1,1,0,1
,,,,,,,,,,,8/21/2015,Canal de Afuera,Mooring,Wahoo Rock,POLO,,100,,,0,100,0,0,0,,,1,0
,,,,,,,,,,,8/21/2015,Canal de Afuera,Mooring,Wahoo Rock,POLO,5,75,,,5,75,0,0,1,,,1,0
,,,,,,,,,,,8/21/2015,Canal de Afuera,Reef,Permanent Transects,PODA,10,25,,,10,25,0,0,1,,,1,0
,,,,,,,,,,,8/21/2015,Canal de Afuera,Reef,Permanent Transects,PODA,5,10,,,5,10,0,0,1,,,1,0
,,,,,,,,,,,8/21/2015,Canal de Afuera,Reef,Permanent Transects,PODA,1,,5,,1,0,5,0,1,,,1,0
,,,,,,,,,,,8/21/2015,Canal de Afuera,Reef,Permanent Transects,PODA,3,,12,,3,0,12,0,1,,,1,0
,,,,,,,,,,,8/21/2015,Canal de Afuera,Reef,Permanent Transects,POEL,,,20,,0,0,20,0,0,,,1,0
,,,,,,,,,,,8/21/2015,Canal de Afuera,Reef,Permanent Transects,PODA,10,,15,,10,0,15,0,1,,,1,0
,,,,,,,,,,,8/21/2015,Canal de Afuera,Reef,Permanent Transects,POEL,,,10,,0,0,10,0,0,,,1,0
,,,,,,,,,,,8/21/2015,Canal de Afuera,Reef,Permanent Transects,PODA,30,,,,30,0,0,0,1,,1,0,1
,,,,,,,,,,,8/21/2015,Canal de Afuera,Reef,Permanent Transects,PODA,5,,12,,5,0,12,0,1,,,1,0
,,,,,,,,,,,8/21/2015,Canal de Afuera,Reef,Permanent Transects,POEL,,,,,0,0,0,0,0,,,1,0
,,,,,,,,,,,8/21/2015,Canal de Afuera,Reef,Permanent Transects,POEL,,50,10,,0,50,10,0,0,,,1,0
,,,,,,,,,,,8/21/2015,Canal de Afuera,Reef,Permanent Transects,PODA,5,,15,,5,0,15,0,1,,,1,0
,,,,,,,,,,,8/21/2015,Canal de Afuera,Reef,Permanent Transects,POEL,,100,10,,0,100,10,0,0,,,1,0
,,,,,,,,,,,8/21/2015,Canal de Afuera,Reef,Permanent Transects,PAGI,,70,,20,0,70,0,20,0,,,1,0
,,,,,,,,,,,8/21/2015,Canal de Afuera,Reef,Permanent Transects,PODA,,,,20,0,0,0,20,0,,,1,0
,,,,,,,,,,,8/21/2015,Canal de Afuera,Reef,Permanent Transects,POEL,,100,,5,0,100,0,5,0,,,1,0
,,,,,,,,,,,8/21/2015,Canal de Afuera,Reef,Permanent Transects,POEL,,60,,20,0,60,0,20,0,,,1,0
,,,,,,,,,,,8/21/2015,Canal de Afuera,Reef,Permanent Transects,POEL,5,5,5,,5,5,5,0,1,,,1,0
,,,,,,,,,,,8/21/2015,Canal de Afuera,Reef,Permanent Transects,PODA,,100,3,,0,100,3,0,0,,,1,0
,,,,,,,,,,,8/21/2015,Canal de Afuera,Mooring,Wahoo Rock,POLO,10,70,35,5,10,70,35,5,1,,,1,0
,,,,,,,,,,,8/21/2015,Canal de Afuera,Mooring,Wahoo Rock,POLO,20,60,30,5,20,60,30,5,1,,1,0,1
,,,,,,,,,,,8/21/2015,Canal de Afuera,Mooring,Wahoo Rock,POEL,40,50,10,,40,50,10,0,1,,1,0,1
,,,,,,,,,,,8/21/2015,Canal de Afuera,Mooring,Wahoo Rock,POLO,10,80,15,,10,80,15,0,1,,,1,0
,,,,,,,,,,,8/21/2015,Canal de Afuera,Mooring,Wahoo Rock,PACL,50,40,20,10,50,40,20,10,1,,1,0,1
,,,,,,,,,,,8/22/2015,Uva,Reef,Ridley,POEL,10,25,10,,10,25,10,0,1,,,1,0
,,,,,,,,,,,8/22/2015,Uva,Reef,Ridley,POEL,,,10,,0,0,10,0,0,,,1,0
,,,,,,,,,,,8/22/2015,Uva,Reef,Ridley,PODA,10,,20,,10,0,20,0,1,,,1,0
,,,,,,,,,,,8/22/2015,Uva,Reef,Ridley,POEL,5,,15,,5,0,15,0,1,,,1,0
,,,,,,,,,,,8/22/2015,Uva,Reef,Ridley,POEL,10,,5,,10,0,5,0,1,,,1,0
,,,,,,,,,,,8/22/2015,Uva,Reef,Ridley,POEL,25,,10,,25,0,10,0,1,,1,0,1
,,,,,,,,,,,8/22/2015,Uva,Reef,Ridley,PODA,75,25,,,75,25,0,0,1,,1,0,1
,,,,,,,,,,,8/22/2015,Uva,Reef,Ridley,PODA,75,25,,,75,25,0,0,1,,1,0,1
,,,,,,,,,,,8/22/2015,Uva,Reef,Ridley,PODA,100,,10,,100,0,10,0,1,,1,0,1
,,,,,,,,,,,8/22/2015,Uva,Reef,Ridley,POEL,,,20,,0,0,20,0,0,,,1,0
,,,,,,,,,,,8/22/2015,Uva,Reef,Ridley,PODA,50,50,,,50,50,0,0,1,,1,0,1
,,,,,,,,,,,8/22/2015,Uva,Reef,Ridley,PODA,100,,,,100,0,0,0,1,,1,0,1
,,,,,,,,,,,8/22/2015,Uva,Reef,Ridley,PODA,,25,22,,0,25,22,0,0,,,1,0
,,,,,,,,,,,8/22/2015,Uva,Reef,Ridley,PAGI,25,25,50,,25,25,50,0,1,1,1,0,1
,,,,,,,,,,,8/22/2015,Uva,Reef,Ridley,POEL,,25,1,,0,25,1,0,0,,,1,0
,,,,,,,,,,,8/22/2015,Uva,Reef,Ridley,POEL,,30,5,,0,30,5,0,0,,,1,0
,,,,,,,,,,,8/22/2015,Uva,Reef,Ridley,POEL,,,5,,0,0,5,0,0,,,1,0
,,,,,,,,,,,8/22/2015,Uva,Reef,Ridley,POEL,,10,10,,0,10,10,0,0,,,1,0
,,,,,,,,,,,8/22/2015,Uva,Reef,Ridley,POPA,50,50,,,50,50,0,0,1,,1,0,1
,,,,,,,,,,,8/22/2015,Uva,Reef,Ridley,POEL,50,50,10,,50,50,10,0,1,,1,0,1
,,,,,,,,,,,8/22/2015,Uva,Reef,Ridley,POEL,,100,,,0,100,0,0,0,,,1,0
,,,,,,,,,,,8/22/2015,Uva,Reef,Ridley,POEL,5,50,,,5,50,0,0,1,,,1,0
,,,,,,,,,,,8/22/2015,Uva,Reef,Ridley,POEL,,50,,,0,50,0,0,0,,,1,0
,,,,,,,,,,,8/22/2015,Uva,Reef,Ridley,POEL,,20,20,,0,20,20,0,0,,,1,0
,,,,,,,,,,,8/22/2015,Uva,Reef,Ridley,PAGI,20,20,50,,20,20,50,0,1,1,1,0,1
,,,,,,,,,,,8/22/2015,Uva,Reef,Ridley,POPA,50,50,,,50,50,0,0,1,,1,0,1
,,,,,,,,,,,8/22/2015,Uva,Reef,Ridley,POPA,50,50,,,50,50,0,0,1,,1,0,1
,,,,,,,,,,,8/22/2015,Uva,Reef,Ridley,POPA,25,25,,,25,25,0,0,1,,1,0,1
,,,,,,,,,,,8/22/2015,Uva,Reef,Ridley,POPA,50,50,,,50,50,0,0,1,,1,0,1
,,,,,,,,,,,8/22/2015,Uva,Reef,Ridley,POPA,50,50,,,50,50,0,0,1,,1,0,1
,,,,,,,,,,,8/22/2015,Uva,Reef,Ridley,POPA,75,25,,,75,25,0,0,1,,1,0,1
,,,,,,,,,,,8/22/2015,Uva,Reef,Ridley,POPA,25,75,,,25,75,0,0,1,,1,0,1
,,,,,,,,,,,8/22/2015,Uva,Reef,Ridley,PAVA,30,30,20,,30,30,20,0,1,,1,0,1
,,,,,,,,,,,8/22/2015,Uva,Reef,Ridley,PACH,20,30,40,,20,30,40,0,1,,1,0,1
,,,,,,,,,,,8/22/2015,Uva,Reef,Ridley,PAVA,50,10,20,,50,10,20,0,1,,1,0,1
,,,,,,,,,,,8/22/2015,Uva,Reef,Ridley,PACH,10,70,40,,10,70,40,0,1,,,1,0
,,,,,,,,,,,8/22/2015,Uva,Reef,Ridley,PACH,50,30,50,,50,30,50,0,1,1,1,0,1
,,,,,,,,,,,8/22/2015,Uva,Reef,Ridley,PACH,,10,40,,0,10,40,0,0,,,1,0
,,,,,,,,,,,8/22/2015,Uva,Reef,Ridley,POLO,20,70,30,,20,70,30,0,1,,1,0,1
,,,,,,,,,,,8/22/2015,Uva,Reef,Ridley,POLO,20,50,40,,20,50,40,0,1,,1,0,1
,,,,,,,,,,,8/22/2015,Uva,Reef,Ridley,PACL,30,20,15,,30,20,15,0,1,,1,0,1
,,,,,,,,,,,8/22/2015,Uva,Reef,Ridley,PACL,35,60,20,5,35,60,20,5,1,,1,0,1
,,,,,,,,,,,8/22/2015,Uva,Reef,Ridley,MIIN,90,10,,90,90,10,0,90,1,1,1,0,1
,,,,,,,,,,,8/22/2015,Uva,Reef,Ridley,POLO,,60,20,,0,60,20,0,0,,,1,0
,,,,,,,,,,,8/22/2015,Uva,Reef,Ridley,PACH,30,40,45,,30,40,45,0,1,,1,0,1
,,,,,,,,,,,8/22/2015,Uva,Reef,Ridley,POLO,,70,,,0,70,0,0,0,,,1,0
,,,,,,,,,,,8/22/2015,Uva,Reef,Ridley,POLO,30,40,10,,30,40,10,0,1,,1,0,1
,,,,,,,,,,,8/22/2015,Uva,Reef,Ridley,PACL,60,30,10,,60,30,10,0,1,,1,0,1
,,,,,,,,,,,8/22/2015,Uva,Reef,Ridley,PACH,30,30,20,,30,30,20,0,1,,1,0,1
,,,,,,,,,,,8/22/2015,Uva,Reef,Millepora,MIIN,,,,100,0,0,0,100,0,1,,0,1
,,,,,,,,,,,8/22/2015,Uva,Reef,Millepora,MIIN,,,,100,0,0,0,100,0,1,,0,1
,,,,,,,,,,,8/22/2015,Uva,Reef,Millepora,MIIN,,,,100,0,0,0,100,0,1,,0,1
,,,,,,,,,,,8/22/2015,Uva,Reef,Millepora,MIIN,,,,100,0,0,0,100,0,1,,0,1
,,,,,,,,,,,8/22/2015,Uva,Reef,Millepora,MIIN,,,,100,0,0,0,100,0,1,,0,1
,,,,,,,,,,,8/22/2015,Uva,Reef,Millepora,MIIN,,,,100,0,0,0,100,0,1,,0,1
,,,,,,,,,,,8/22/2015,Uva,Reef,Forereef,POPA,25,50,,,25,50,0,0,1,,1,0,1
,,,,,,,,,,,8/22/2015,Uva,Reef,Forereef,POPA,50,50,,,50,50,0,0,1,,1,0,1
,,,,,,,,,,,8/22/2015,Uva,Reef,Forereef,POPA,70,30,22,,70,30,22,0,1,,1,0,1
,,,,,,,,,,,8/22/2015,Uva,Reef,Forereef,POPA,35,65,5,,35,65,5,0,1,,1,0,1
,,,,,,,,,,,8/22/2015,Uva,Reef,Forereef,POPA,50,40,10,,50,40,10,0,1,,1,0,1
,,,,,,,,,,,4/16/2016,Uva,Uva-Reef,G City,PAVA,45,30,65,,45,30,65,0,1,1,1,0,1
,,,,,,,,,,,4/16/2016,Uva,Uva-Reef,G City,PAVA,50,10,10,1,50,10,10,1,1,,1,0,1
,,,,,,,,,,,4/16/2016,Uva,Uva-Reef,G City,PAVA,15,40,55,,15,40,55,0,1,1,1,0,1
,,,,,,,,,,,4/16/2016,Uva,Uva-Reef,G City,PAVA,5,,65,,5,0,65,0,1,1,,0,1
,,,,,,,,,,,4/16/2016,Uva,Uva-Reef,G City,PAVA,1,90,70,,1,90,70,0,1,1,,0,1
,,,,,,,,,,,4/16/2016,Uva,Uva-Reef,G City,GAPL,70,2,10,1,70,2,10,1,1,,1,0,1
,,,,,,,,,,,4/16/2016,Uva,Uva-Reef,G City,POPA,,100,90,,0,100,90,0,0,1,,0,1
,,,,,,,,,,,4/16/2016,Uva,Uva-Reef,Millepora,GAPL,,,50,10,0,0,50,10,0,1,,0,1
,,,,,,,,,,,4/16/2016,Uva,Uva-Reef,Millepora,GAPL,,65,60,5,0,65,60,5,0,1,,0,1
,,,,,,,,,,,4/16/2016,Uva,Uva-Reef,Millepora,GAPL,,,75,10,0,0,75,10,0,1,,0,1
,,,,,,,,,,,4/16/2016,Uva,Uva-Reef,Millepora,GAPL,,,50,5,0,0,50,5,0,1,,0,1
,,,,,,,,,,,4/16/2016,Uva,Uva-Reef,Millepora,GAPL,,,60,5,0,0,60,5,0,1,,0,1
,,,,,,,,,,,4/16/2016,Uva,Uva-Reef,Millepora,GAPL,,,40,10,0,0,40,10,0,1,,0,1
,,,,,,,,,,,4/16/2016,Uva,Uva-Reef,Millepora,PODA,,,,,0,0,0,0,0,,,1,0
,,,,,,,,,,,4/16/2016,Uva,Uva-Reef,Millepora,PODA,,,5,,0,0,5,0,0,,,1,0
,,,,,,,,,,,4/16/2016,Uva,Uva-Reef,Millepora,PODA,,,5,,0,0,5,0,0,,,1,0
,,,,,,,,,,,4/16/2016,Uva,Uva-Reef,Millepora,PODA,,,5,2,0,0,5,2,0,,,1,0
,,,,,,,,,,,4/16/2016,Uva,Uva-Reef,Millepora,PODA,,,,2,0,0,0,2,0,,,1,0
,,,,,,,,,,,4/16/2016,Uva,Uva-Reef,Millepora,PODA,,,10,5,0,0,10,5,0,,,1,0
,,,,,,,,,,,4/16/2016,Uva,Uva-Reef,Millepora,PODA,,,10,,0,0,10,0,0,,,1,0
,,,,,,,,,,,4/16/2016,Uva,Uva-Reef,Millepora,PAVA,,,40,20,0,0,40,20,0,1,,0,1
,,,,,,,,,,,4/16/2016,Uva,Uva-Reef,Millepora,GAPL,,,50,5,0,0,50,5,0,1,,0,1
,,,,,,,,,,,4/16/2016,Uva,Uva-Reef,Millepora,PODA,,,5,5,0,0,5,5,0,,,1,0
,,,,,,,,,,,4/16/2016,Uva,Uva-Reef,Millepora,PODA,,,20,,0,0,20,0,0,,,1,0
,,,,,,,,,,,4/16/2016,Uva,Uva-Reef,Millepora,GAPL,,,40,10,0,0,40,10,0,1,,0,1
,,,,,,,,,,,4/16/2016,Uva,Uva-Reef,Millepora,GAPL,,,40,10,0,0,40,10,0,1,,0,1
,,,,,,,,,,,4/16/2016,Uva,Uva-Reef,Millepora,PAVA,,,30,10,0,0,30,10,0,,,1,0
,,,,,,,,,,,4/16/2016,Uva,Uva-Reef,Millepora,POEL,,,15,5,0,0,15,5,0,,,1,0
,,,,,,,,,,,4/16/2016,Uva,Uva-Reef,Millepora,PODA,,,,5,0,0,0,5,0,,,1,0
,,,,,,,,,,,4/16/2016,Uva,Uva-Reef,Millepora,PACL,,,60,10,0,0,60,10,0,1,,0,1
,,,,,,,,,,,4/16/2016,Uva,Uva-Reef,Millepora,PACL,,,90,10,0,0,90,10,0,1,,0,1
,,,,,,,,,,,4/16/2016,Uva,Uva-Reef,Millepora,PAGI,,,20,5,0,0,20,5,0,,,1,0
,,,,,,,,,,,4/16/2016,Uva,Uva-Reef,Millepora,PAGI,,,30,10,0,0,30,10,0,,,1,0
,,,,,,,,,,,4/16/2016,Uva,Uva-Reef,Millepora,POEL,,5,70,5,0,5,70,5,0,1,,0,1
,,,,,,,,,,,4/16/2016,Uva,Uva-Reef,Millepora,POEL,,10,10,5,0,10,10,5,0,,,1,0
,,,,,,,,,,,4/16/2016,Uva,Uva-Reef,Millepora,GAPL,100,,80,10,100,0,80,10,1,1,1,0,1
,,,,,,,,,,,4/16/2016,Uva,Uva-Reef,Millepora,PACL,100,,90,5,100,0,90,5,1,1,1,0,1
,,,,,,,,,,,4/16/2016,Uva,Uva-Reef,Millepora,GAPL,5,35,40,5,5,35,40,5,1,,,1,0
,,,,,,,,,,,4/16/2016,Uva,Uva-Reef,Millepora,PODA,,100,25,,0,100,25,0,0,,,1,0
,,,,,,,,,,,4/16/2016,Uva,Uva-Reef,Millepora,PODA,100,,5,10,100,0,5,10,1,,1,0,1
,,,,,,,,,,,4/16/2016,Uva,Uva-Reef,Millepora,PODA,95,5,10,,95,5,10,0,1,,1,0,1
,,,,,,,,,,,4/16/2016,Uva,Uva-Reef,Millepora,POEL,,5,,,0,5,0,0,0,,,1,0
,,,,,,,,,,,4/16/2016,Uva,Uva-Reef,Millepora,POLO,,10,,,0,10,0,0,0,,,1,0
,,,,,,,,,,,4/16/2016,Uva,Uva-Reef,Millepora,POEL,,,,,0,0,0,0,0,,,1,0
,,,,,,,,,,,4/16/2016,Uva,Uva-Reef,Millepora,POLO,,,10,,0,0,10,0,0,,,1,0
,,,,,,,,,,,4/16/2016,Uva,Uva-Reef,Millepora,PAGI,,10,80,,0,10,80,0,0,1,,0,1
,,,,,,,,,,,4/16/2016,Uva,Uva-Reef,Millepora,PAGI,,40,,,0,40,0,0,0,,,1,0
,,,,,,,,,,,4/16/2016,Uva,Uva-Reef,Millepora,POLO,,100,10,,0,100,10,0,0,,,1,0
,,,,,,,,,,,4/16/2016,Uva,Uva-Reef,Millepora,PAVA,5,60,30,10,5,60,30,10,1,,,1,0
,,,,,,,,,,,4/16/2016,Uva,Uva-Reef,Millepora,PAGI,10,10,40,10,10,10,40,10,1,1,,0,1
,,,,,,,,,,,4/16/2016,Uva,Uva-Reef,Millepora,PAGI,,,80,,0,0,80,0,0,1,,0,1
,,,,,,,,,,,4/16/2016,Uva,Uva-Reef,Millepora,POEL,,100,,,0,100,0,0,0,,,1,0
,,,,,,,,,,,4/16/2016,Uva,Uva-Reef,Millepora,PAVA,5,30,50,5,5,30,50,5,1,1,,0,1
,,,,,,,,,,,4/16/2016,Uva,Uva-Reef,Millepora,PAVA,25,,10,10,25,0,10,10,1,,1,0,1
,,,,,,,,,,,4/16/2016,Uva,Uva-Reef,Millepora,PAVA,,60,70,5,0,60,70,5,0,1,,0,1
,,,,,,,,,,,4/17/2016,Uva,Uva-Reef,Millepora,PODA,,,65,,0,0,65,0,0,1,,0,1
,,,,,,,,,,,4/17/2016,Uva,Uva-Reef,Millepora,PODA,,,85,,0,0,85,0,0,1,,0,1
,,,,,,,,,,,4/17/2016,Uva,Uva-Reef,4X5,PACL,10,80,30,20,10,80,30,20,1,1,,0,1
,,,,,,,,,,,4/17/2016,Uva,Uva-Reef,4X5,PAVA,,30,40,10,0,30,40,10,0,1,,0,1
,,,,,,,,,,,4/17/2016,Uva,Uva-Reef,4X5,PACL,,100,15,15,0,100,15,15,0,,,1,0
,,,,,,,,,,,4/17/2016,Uva,Uva-Reef,4X5,POPA,80,20,30,,80,20,30,0,1,,1,0,1
,,,,,,,,,,,4/17/2016,Uva,Uva-Reef,4X5,POPA,80,20,,,80,20,0,0,1,,1,0,1
,,,,,,,,,,,4/17/2016,Uva,Uva-Reef,4X5,POLO,,25,65,5,0,25,65,5,0,1,,0,1
,,,,,,,,,,,4/17/2016,Uva,Uva-Reef,4X5,GAPL,30,65,40,1,30,65,40,1,1,,1,0,1
,,,,,,,,,,,4/17/2016,Uva,Uva-Reef,4X5,PAVA,1,40,65,,1,40,65,0,1,1,,0,1
,,,,,,,,,,,4/17/2016,Uva,Uva-Reef,4X5,GAPL,30,69,70,,30,69,70,0,1,1,1,0,1
,,,,,,,,,,,4/17/2016,Uva,Uva-Reef,4X5,GAPL,50,45,50,1,50,45,50,1,1,1,1,0,1
,,,,,,,,,,,4/17/2016,Uva,Uva-Reef,4X5,GAPL,25,70,75,,25,70,75,0,1,1,1,0,1
,,,,,,,,,,,4/17/2016,Uva,Uva-Reef,4X5,GAPL,5,90,75,,5,90,75,0,1,1,,0,1
,,,,,,,,,,,4/17/2016,Uva,Uva-Reef,4X5,PAVA,5,45,70,,5,45,70,0,1,1,,0,1
,,,,,,,,,,,4/17/2016,Uva,Uva-Reef,4X5,GAPL,15,75,55,,15,75,55,0,1,1,1,0,1
,,,,,,,,,,,4/17/2016,Uva,Uva-Reef,4X5,GAPL,5,90,35,,5,90,35,0,1,,,1,0
,,,,,,,,,,,4/17/2016,Uva,Uva-Reef,4X5,GAPL,40,20,75,,40,20,75,0,1,1,1,0,1
,,,,,,,,,,,4/17/2016,Uva,Uva-Reef,4X5,GAPL,55,10,35,,55,10,35,0,1,,1,0,1
,,,,,,,,,,,4/17/2016,Uva,Uva-Reef,4X5,GAPL,70,15,50,1,70,15,50,1,1,1,1,0,1
,,,,,,,,,,,4/17/2016,Uva,Uva-Reef,4X5,GAPL,35,10,50,,35,10,50,0,1,1,1,0,1
,,,,,,,,,,,4/17/2016,Uva,Uva-Reef,4X5,PAVA,25,15,60,,25,15,60,0,1,1,1,0,1
,,,,,,,,,,,4/17/2016,Uva,Uva-Reef,4X5,PAVA,5,40,80,,5,40,80,0,1,1,,0,1
,,,,,,,,,,,4/17/2016,Uva,Uva-Reef,4X5,PAVA,10,10,45,,10,10,45,0,1,,,1,0
,,,,,,,,,,,4/17/2016,Uva,Uva-Reef,4X5,PAVA,40,30,70,,40,30,70,0,1,1,1,0,1
,,,,,,,,,,,4/17/2016,Uva,Uva-Reef,4X5,PACL,7,85,40,,7,85,40,0,1,,,1,0
,,,,,,,,,,,4/17/2016,Uva,Uva-Reef,4X5,PACL,10,75,40,,10,75,40,0,1,,,1,0
,,,,,,,,,,,4/17/2016,Uva,Uva-Reef,4X5,PACL,10,85,65,,10,85,65,0,1,1,,0,1
,,,,,,,,,,,4/17/2016,Uva,Uva-Reef,4X5,PAVA,10,45,65,,10,45,65,0,1,1,,0,1
,,,,,,,,,,,4/17/2016,Uva,Uva-Reef,4X5,PAVA,2,,2,,2,0,2,0,1,,,1,0
,,,,,,,,,,,4/17/2016,Uva,Uva-Reef,4X5,PAVA,25,10,70,,25,10,70,0,1,1,1,0,1
,,,,,,,,,,,4/17/2016,Uva,Uva-Reef,4X5,PAVA,1,40,75,,1,40,75,0,1,1,,0,1
,,,,,,,,,,,4/17/2016,Uva,Uva-Reef,4X5,PAVA,30,40,80,,30,40,80,0,1,1,1,0,1
,,,,,,,,,,,4/17/2016,Uva,Uva-Reef,4X5,PAVA,5,15,80,,5,15,80,0,1,1,,0,1
,,,,,,,,,,,4/17/2016,Uva,Uva-Reef,4X5,GAPL,10,2,,2,10,2,0,2,1,,,1,0
,,,,,,,,,,,4/17/2016,Uva,Uva-Reef,4X5,GAPL,7,10,55,,7,10,55,0,1,1,,0,1
,,,,,,,,,,,4/17/2016,Uva,Uva-Reef,4X5,PAVA,2,40,60,,2,40,60,0,1,1,,0,1
,,,,,,,,,,,4/17/2016,Uva,Uva-Reef,4X5,POPA,,45,50,,0,45,50,0,0,1,,0,1
,,,,,,,,,,,4/17/2016,Uva,Uva-Reef,4X5,PACL,60,10,50,,60,10,50,0,1,1,1,0,1
,,,,,,,,,,,4/17/2016,Uva,Uva-Reef,4X5,PAVA,,5,50,,0,5,50,0,0,1,,0,1
,,,,,,,,,,,4/17/2016,Uva,Uva-Reef,4X5,POLO,30,5,10,3,30,5,10,3,1,,1,0,1
,,,,,,,,,,,4/17/2016,Uva,Uva-Reef,4X5,PACL,3,5,35,,3,5,35,0,1,,,1,0
,,,,,,,,,,,4/17/2016,Uva,Uva-Reef,4X5,PACL,7,20,10,,7,20,10,0,1,,,1,0
,,,,,,,,,,,4/17/2016,Uva,Uva-Reef,Coral Colxn Pt,PAVA,50,50,30,,50,50,30,0,1,,1,0,1
,,,,,,,,,,,4/17/2016,Uva,Uva-Reef,Coral Colxn Pt,PAVA,5,30,20,,5,30,20,0,1,,,1,0
,,,,,,,,,,,4/17/2016,Uva,Uva-Reef,Coral Colxn Pt,PACL,40,15,40,10,40,15,40,10,1,1,1,0,1
,,,,,,,,,,,4/17/2016,Uva,Uva-Reef,Coral Colxn Pt,POEL,30,4,5,,30,4,5,0,1,,1,0,1
,,,,,,,,,,,4/17/2016,Uva,Uva-Reef,Coral Colxn Pt,POEL,50,5,10,,50,5,10,0,1,,1,0,1
,,,,,,,,,,,4/17/2016,Uva,Uva-Reef,Coral Colxn Pt,POLO,60,40,,,60,40,0,0,1,,1,0,1
,,,,,,,,,,,4/17/2016,Uva,Uva-Reef,Coral Colxn Pt,POLO,,,5,,0,0,5,0,0,,,1,0
,,,,,,,,,,,4/17/2016,Uva,Uva-Reef,Coral Colxn Pt,PACH,85,15,,,85,15,0,0,1,,1,0,1
,,,,,,,,,,,4/17/2016,Uva,Uva-Reef,Coral Colxn Pt,PACH,50,50,,,50,50,0,0,1,,1,0,1
,,,,,,,,,,,4/17/2016,Uva,Uva-Reef,Coral Colxn Pt,PACH,,,,50,0,0,0,50,0,1,,0,1
,,,,,,,,,,,4/17/2016,Uva,Uva-Reef,Coral Colxn Pt,PODA,25,50,20,5,25,50,20,5,1,,1,0,1
,,,,,,,,,,,4/17/2016,Uva,Uva-Reef,Coral Colxn Pt,PODA,60,,15,,60,0,15,0,1,,1,0,1
,,,,,,,,,,,4/17/2016,Uva,Uva-Reef,Coral Colxn Pt,POLO,40,20,30,10,40,20,30,10,1,,1,0,1
,,,,,,,,,,,4/18/2016,Uva,Uva-Reef,Coral Colxn Pt,PODA,,,,,0,0,0,0,0,,,1,0
,,,,,,,,,,,4/18/2016,Uva,Uva-Reef,Coral Colxn Pt,PODA,,100,5,,0,100,5,0,0,,,1,0
,,,,,,,,,,,4/18/2016,Uva,Uva-Reef,Coral Colxn Pt,POEL,,98,40,5,0,98,40,5,0,,,1,0
,,,,,,,,,,,4/18/2016,Uva,Uva-Reef,Coral Colxn Pt,PODA,50,25,80,,50,25,80,0,1,1,1,0,1
,,,,,,,,,,,4/18/2016,Uva,Uva-Reef,Coral Colxn Pt,PODA,,50,20,,0,50,20,0,0,,,1,0
,,,,,,,,,,,4/18/2016,Uva,Uva-Reef,Coral Colxn Pt,PODA,20,,,10,20,0,0,10,1,,1,0,1
,,,,,,,,,,,4/18/2016,Uva,Uva-Reef,Coral Colxn Pt,PAGI,,20,20,5,0,20,20,5,0,,,1,0
,,,,,,,,,,,4/18/2016,Uva,Uva-Ridley,Ridley,POLO,3,75,35,,3,75,35,0,1,,,1,0
,,,,,,,,,,,4/18/2016,Uva,Uva-Ridley,Ridley,POLO,1,75,65,,1,75,65,0,1,1,,0,1
,,,,,,,,,,,4/18/2016,Uva,Uva-Ridley,Ridley,PAGI,,,40,,0,0,40,0,0,,,1,0
,,,,,,,,,,,4/18/2016,Uva,Uva-Ridley,Ridley,PACL,80,5,20,,80,5,20,0,1,,1,0,1
,,,,,,,,,,,4/18/2016,Uva,Uva-Ridley,Ridley,PACL,50,,30,7,50,0,30,7,1,,1,0,1
,,,,,,,,,,,4/18/2016,Uva,Uva-Reef,G City,PAVA,70,10,10,20,70,10,10,20,1,,1,0,1
,,,,,,,,,,,4/18/2016,Uva,Uva-Reef,G City,PAVA,15,10,65,10,15,10,65,10,1,1,1,0,1
,,,,,,,,,,,4/18/2016,Uva,Uva-Reef,G City,PAGI,,30,85,2,0,30,85,2,0,1,,0,1
,,,,,,,,,,,4/18/2016,Uva,Uva-Reef,G City,PAGI,,15,65,,0,15,65,0,0,1,,0,1
,,,,,,,,,,,4/18/2016,Uva,Uva-Reef,G City,PAVA,80,5,75,5,80,5,75,5,1,1,1,0,1
,,,,,,,,,,,4/18/2016,Uva,Uva-Reef,G City,PAVA,4,,85,,4,0,85,0,1,1,,0,1
,,,,,,,,,,,4/18/2016,Uva,Uva-Reef,G City,PAVA,10,,80,,10,0,80,0,1,1,,0,1
,,,,,,,,,,,4/18/2016,Uva,Uva-Reef,G City,PAVA,50,15,65,8,50,15,65,8,1,1,1,0,1
,,,,,,,,,,,4/18/2016,Uva,Uva-Reef,G City,GAPL,20,4,30,10,20,4,30,10,1,,1,0,1
,,,,,,,,,,,4/18/2016,Uva,Uva-Reef,G City,PACL,50,20,40,15,50,20,40,15,1,1,1,0,1
,,,,,,,,,,,4/18/2016,Uva,Uva-Reef,G City,PAGI,,30,27,,0,30,27,0,0,,,1,0
,,,,,,,,,,,4/18/2016,Uva,Uva-Reef,Forereef,POPA,7,45,7,,7,45,7,0,1,,,1,0
,,,,,,,,,,,4/18/2016,Uva,Uva-Reef,Forereef,PACL,10,80,75,1,10,80,75,1,1,1,,0,1
,,,,,,,,,,,4/18/2016,Uva,Uva-Reef,Forereef,PAVA,5,50,90,,5,50,90,0,1,1,,0,1
,,,,,,,,,,,4/18/2016,Uva,Uva-Reef,Forereef,PAVA,15,15,50,,15,15,50,0,1,1,1,0,1
,,,,,,,,,,,4/18/2016,Uva,Uva-Reef,Forereef,PAVA,4,70,65,,4,70,65,0,1,1,,0,1
,,,,,,,,,,,4/18/2016,Uva,Uva-Reef,Forereef,PAGI,,5,30,,0,5,30,0,0,,,1,0
,,,,,,,,,,,4/18/2016,Uva,Uva-Reef,Forereef,PAGI,,3,35,,0,3,35,0,0,,,1,0
,,,,,,,,,,,4/18/2016,Uva,Uva-Reef,Forereef,GAPL,5,65,30,,5,65,30,0,1,,,1,0
,,,,,,,,,,,4/18/2016,Uva,Uva-Reef,Forereef,PACL,15,10,7,,15,10,7,0,1,,1,0,1
,,,,,,,,,,,4/18/2016,Uva,Uva-Reef,Forereef,PACL,3,7,30,,3,7,30,0,1,,,1,0
,,,,,,,,,,,4/18/2016,Uva,Uva-Reef,Forereef,GAPL,,95,75,,0,95,75,0,0,1,,0,1
,,,,,,,,,,,4/18/2016,Uva,Uva-Reef,Forereef,PAVA,1,2,25,,1,2,25,0,1,,,1,0
,,,,,,,,,,,4/18/2016,Uva,Uva-Reef,Forereef,PAVA,,70,20,,0,70,20,0,0,,,1,0
,,,,,,,,,,,4/18/2016,Uva,Uva-Reef,Forereef,GAPL,10,2,15,,10,2,15,0,1,,,1,0
,,,,,,,,,,,4/18/2016,Uva,Uva-Reef,Forereef,PAGI,1,25,30,,1,25,30,0,1,,,1,0
,,,,,,,,,,,4/19/2016,Canal de Afuera,Wahoo Rock,Wahoo Rock,POLO,,10,,,0,10,0,0,0,,,1,0
,,,,,,,,,,,4/19/2016,Canal de Afuera,Wahoo Rock,Wahoo Rock,POEL,5,20,,,5,20,0,0,1,,,1,0
,,,,,,,,,,,4/19/2016,Canal de Afuera,Wahoo Rock,Wahoo Rock,POEL,,,65,,0,0,65,0,0,1,,0,1
,,,,,,,,,,,4/19/2016,Canal de Afuera,Wahoo Rock,Wahoo Rock,POLO,,,65,5,0,0,65,5,0,1,,0,1
,,,,,,,,,,,4/19/2016,Canal de Afuera,Wahoo Rock,Wahoo Rock,POEL,15,10,70,8,15,10,70,8,1,1,1,0,1
,,,,,,,,,,,4/19/2016,Canal de Afuera,Wahoo Rock,Wahoo Rock,POEL,15,10,10,7,15,10,10,7,1,,1,0,1
,,,,,,,,,,,4/19/2016,Canal de Afuera,Wahoo Rock,Wahoo Rock,POEL,95,3,20,20,95,3,20,20,1,,1,0,1
,,,,,,,,,,,4/19/2016,Canal de Afuera,Wahoo Rock,Wahoo Rock,POLO,,30,10,,0,30,10,0,0,,,1,0
,,,,,,,,,,,4/19/2016,Canal de Afuera,Wahoo Rock,Wahoo Rock,PACL,30,30,40,,30,30,40,0,1,,1,0,1
,,,,,,,,,,,4/19/2016,Canal de Afuera,Reef,South Reef,GAPL,,20,5,,0,20,5,0,0,,,1,0
,,,,,,,,,,,4/19/2016,Canal de Afuera,Reef,South Reef,PAGI,,30,65,,0,30,65,0,0,1,,0,1
,,,,,,,,,,,4/19/2016,Canal de Afuera,Reef,South Reef,PAVA,,95,45,,0,95,45,0,0,,,1,0
,,,,,,,,,,,4/19/2016,Canal de Afuera,Reef,South Reef,PACL,3,70,75,,3,70,75,0,1,1,,0,1
,,,,,,,,,,,4/19/2016,Canal de Afuera,Reef,South Reef,PACL,3,80,70,,3,80,70,0,1,1,,0,1
,,,,,,,,,,,4/19/2016,Canal de Afuera,Reef,South Reef,PAVA,2,5,70,,2,5,70,0,1,1,,0,1
,,,,,,,,,,,4/19/2016,Canal de Afuera,Reef,South Reef,PAVA,,2,55,,0,2,55,0,0,1,,0,1
,,,,,,,,,,,4/19/2016,Canal de Afuera,Reef,South Reef,PACL,5,35,35,1,5,35,35,1,1,,,1,0
,,,,,,,,,,,4/19/2016,Canal de Afuera,Reef,South Reef,PAGI,,2,10,,0,2,10,0,0,,,1,0
,,,,,,,,,,,4/20/2016,Secas,Dog,Millepora,POEY,,2,,4,0,2,0,4,0,,,1,0
,,,,,,,,,,,4/20/2016,Secas,Dog,Millepora,PAGI,,15,10,2,0,15,10,2,0,,,1,0
,,,,,,,,,,,4/20/2016,Secas,Dog,Millepora,POEL,5,,2,,5,0,2,0,1,,,1,0
,,,,,,,,,,,4/20/2016,Secas,Dog,Millepora,POEL,2,40,2,1,2,40,2,1,1,,,1,0
,,,,,,,,,,,4/20/2016,Secas,Dog,Millepora,POLO,,,20,,0,0,20,0,0,,,1,0
,,,,,,,,,,,4/20/2016,Secas,Dog,Millepora,POLO,,40,5,,0,40,5,0,0,,,1,0
,,,,,,,,,,,4/20/2016,Secas,Dog,Millepora,PAGI,1,45,15,,1,45,15,0,1,,,1,0
,,,,,,,,,,,4/20/2016,Secas,Dog,Millepora,POPA,,35,10,,0,35,10,0,0,,,1,0
,,,,,,,,,,,4/20/2016,Secas,Dog,Millepora,POPA,,10,,,0,10,0,0,0,,,1,0
,,,,,,,,,,,4/20/2016,Secas,Dog,Millepora,POLO,,90,35,,0,90,35,0,0,,,1,0
,,,,,,,,,,,4/20/2016,Secas,Dog,Millepora,PAGI,,10,20,,0,10,20,0,0,,,1,0
,,,,,,,,,,,4/20/2016,Secas,Dog,Millepora,PACL,,15,30,,0,15,30,0,0,,,1,0
,,,,,,,,,,,4/20/2016,Secas,Dog,Millepora,POLO,,80,2,,0,80,2,0,0,,,1,0
,,,,,,,,,,,4/20/2016,Secas,Dog,Millepora,PODA,,,5,,0,0,5,0,0,,,1,0
,,,,,,,,,,,4/20/2016,Secas,Dog,Millepora,PODA,2,90,2,,2,90,2,0,1,,,1,0
,,,,,,,,,,,4/20/2016,Secas,Dog,Millepora,PODA,,,7,,0,0,7,0,0,,,1,0
,,,,,,,,,,,4/20/2016,Secas,Dog,Millepora,POEL,2,,2,,2,0,2,0,1,,,1,0
,,,,,,,,,,,4/20/2016,Secas,Dog,Millepora,PODA,,,,,0,0,0,0,0,,,1,0
,,,,,,,,,,,4/20/2016,Secas,Dog,Millepora,POLO,50,35,75,,50,35,75,0,1,1,1,0,1
,,,,,,,,,,,4/20/2016,Secas,Dog,Millepora,PODA,,40,2,,0,40,2,0,0,,,1,0
,,,,,,,,,,,4/20/2016,Secas,Dog,Millepora,PODA,,60,2,,0,60,2,0,0,,,1,0
,,,,,,,,,,,4/20/2016,Secas,Dog,Millepora,POEL,,15,,,0,15,0,0,0,,,1,0
,,,,,,,,,,,4/20/2016,Secas,Dog,Millepora,PODA,,100,5,,0,100,5,0,0,,,1,0
,,,,,,,,,,,4/20/2016,Secas,Dog,Millepora,PODA,,40,25,1,0,40,25,1,0,,,1,0
,,,,,,,,,,,4/20/2016,Secas,Dog,Millepora,POEL,,20,2,,0,20,2,0,0,,,1,0
,,,,,,,,,,,4/20/2016,Secas,Dog,Millepora,POEL,,10,,,0,10,0,0,0,,,1,0
,,,,,,,,,,,4/20/2016,Secas,Dog,Millepora,PODA,2,90,5,,2,90,5,0,1,,,1,0
,,,,,,,,,,,4/20/2016,Secas,Dog,Millepora,POEL,,,2,,0,0,2,0,0,,,1,0
,,,,,,,,,,,4/20/2016,Secas,Dog,Dog,POEL,,5,2,,0,5,2,0,0,,,1,0
,,,,,,,,,,,4/20/2016,Secas,Dog,Dog,PODA,,5,5,,0,5,5,0,0,,,1,0
,,,,,,,,,,,4/20/2016,Secas,Dog,Dog,POEL,1,98,2,,1,98,2,0,1,,,1,0
,,,,,,,,,,,4/20/2016,Secas,Dog,Dog,PODA,2,,5,,2,0,5,0,1,,,1,0
,,,,,,,,,,,4/20/2016,Secas,Dog,Dog,POEL,,,25,2,0,0,25,2,0,,,1,0
,,,,,,,,,,,4/20/2016,Secas,Dog,Dog,POEL,,2,40,,0,2,40,0,0,,,1,0
,,,,,,,,,,,4/20/2016,Secas,Dog,Dog,POEL,1,5,30,,1,5,30,0,1,,,1,0
,,,,,,,,,,,4/20/2016,Secas,Dog,Dog,POEL,,5,5,,0,5,5,0,0,,,1,0
,,,,,,,,,,,4/20/2016,Secas,Dog,Dog,POEY,,,,,0,0,0,0,0,,,1,0
,,,,,,,,,,,4/20/2016,Secas,Dog,Dog,POEY,7,,2,,7,0,2,0,1,,,1,0
,,,,,,,,,,,4/20/2016,Secas,Dog,Dog,POEY,7,,,,7,0,0,0,1,,,1,0
,,,,,,,,,,,4/20/2016,Secas,Dog,Dog,PAGI,,20,55,,0,20,55,0,0,1,,0,1
,,,,,,,,,,,4/20/2016,Secas,Dog,Millepora,POEL,,,10,,0,0,10,0,0,,,1,0
,,,,,,,,,,,4/20/2016,Secas,Dog,Millepora,PODA,,,20,,0,0,20,0,0,,,1,0
,,,,,,,,,,,4/20/2016,Secas,Dog,Millepora,PODA,,,2,,0,0,2,0,0,,,1,0
,,,,,,,,,,,4/20/2016,Secas,Dog,Millepora,PODA,,,5,,0,0,5,0,0,,,1,0
,,,,,,,,,,,4/20/2016,Secas,Dog,Millepora,PODA,,,80,20,0,0,80,20,0,1,,0,1
,,,,,,,,,,,4/20/2016,Secas,Dog,Millepora,PODA,,,5,,0,0,5,0,0,,,1,0
,,,,,,,,,,,4/20/2016,Secas,Dog,Millepora,PODA,,,5,,0,0,5,0,0,,,1,0
,,,,,,,,,,,4/20/2016,Secas,Dog,Millepora,PODA,,,20,70,0,0,20,70,0,1,,0,1
,,,,,,,,,,,4/20/2016,Secas,Dog,Reef,POEL,30,15,,,30,15,0,0,1,,1,0,1
,,,,,,,,,,,4/20/2016,Secas,Dog,Reef,PAVA,,5,20,,0,5,20,0,0,,,1,0
,,,,,,,,,,,4/20/2016,Secas,Dog,Reef,POLO,,30,5,,0,30,5,0,0,,,1,0
,,,,,,,,,,,4/20/2016,Secas,Dog,Millepora,PODA,,,15,,0,0,15,0,0,,,1,0
,,,,,,,,,,,4/20/2016,Secas,Dog,Millepora,POEL,,,5,,0,0,5,0,0,,,1,0
,,,,,,,,,,,4/20/2016,Secas,Dog,Millepora,POEL,,,10,,0,0,10,0,0,,,1,0
,,,,,,,,,,,4/20/2016,Secas,Dog,Millepora,POEL,,,,,0,0,0,0,0,,,1,0
,,,,,,,,,,,4/20/2016,Secas,Dog,Millepora,POEL,,4,60,,0,4,60,0,0,1,,0,1
,,,,,,,,,,,4/20/2016,Secas,Dog,Millepora,PODA,,,6,,0,0,6,0,0,,,1,0
,,,,,,,,,,,4/20/2016,Secas,Dog,Millepora,PODA,,,15,4,0,0,15,4,0,,,1,0
,,,,,,,,,,,4/20/2016,Secas,Dog,Millepora,PODA,,,,,0,0,0,0,0,,,1,0
,,,,,,,,,,,4/20/2016,Secas,Dog,Millepora,PODA,,,25,,0,0,25,0,0,,,1,0
,,,,,,,,,,,4/20/2016,Secas,Dog,Millepora,PODA,,,,,0,0,0,0,0,,,1,0
,,,,,,,,,,,4/20/2016,Secas,Dog,Millepora,PODA,,,20,,0,0,20,0,0,,,1,0
,,,,,,,,,,,4/20/2016,Secas,Dog,Millepora,PODA,,,80,,0,0,80,0,0,1,,0,1
,,,,,,,,,,,4/20/2016,Secas,Dog,Millepora,PODA,,,4,,0,0,4,0,0,,,1,0
,,,,,,,,,,,4/20/2016,Secas,Dog,Millepora,PODA,,,65,,0,0,65,0,0,1,,0,1
,,,,,,,,,,,4/20/2016,Secas,Dog,Millepora,PODA,,,15,4,0,0,15,4,0,,,1,0
,,,,,,,,,,,4/20/2016,Secas,Dog,Reef,POPA,5,45,75,2,5,45,75,2,1,1,,0,1
,,,,,,,,,,,4/20/2016,Secas,Dog,Reef,PAGI,,40,7,,0,40,7,0,0,,,1,0
,,,,,,,,,,,4/20/2016,Secas,Dog,Reef,PSST,10,,50,,10,0,50,0,1,1,,0,1
,,,,,,,,,,,4/20/2016,Secas,Dog,Reef,PACL,40,15,75,,40,15,75,0,1,1,1,0,1
,,,,,,,,,,,4/20/2016,Secas,Dog,Reef,POLO,,15,85,,0,15,85,0,0,1,,0,1
,,,,,,,,,,,4/20/2016,Secas,Dog,Reef,POLO,,,5,,0,0,5,0,0,,,1,0
,,,,,,,,,,,4/20/2016,Secas,Dog,Reef,POLO,1,,25,1,1,0,25,1,1,,,1,0
,,,,,,,,,,,4/20/2016,Secas,Dog,Reef,PAGI,,40,35,,0,40,35,0,0,,,1,0
,,,,,,,,,,,4/20/2016,Secas,Dog,Reef,PACL,25,15,80,,25,15,80,0,1,1,1,0,1
,,,,,,,,,,,4/20/2016,Secas,Dog,Reef,POLO,,,12,2,0,0,12,2,0,,,1,0
,,,,,,,,,,,4/20/2016,Secas,Dog,Reef,PACL,,75,70,,0,75,70,0,0,1,,0,1
,,,,,,,,,,,4/20/2016,Secas,Dog,Reef,POLO,,50,55,,0,50,55,0,0,1,,0,1
,,,,,,,,,,,4/20/2016,Secas,Dog,Reef,PACL,,,95,,0,0,95,0,0,1,,0,1
,,,,,,,,,,,4/20/2016,Secas,Dog,Reef,PAGI,,,30,,0,0,30,0,0,,,1,0
,,,,,,,,,,,4/20/2016,Secas,Dog,Reef,POLO,,,,,0,0,0,0,0,,,1,0
,,,,,,,,,,,4/20/2016,Secas,Dog,Reef,PAGI,,,30,,0,0,30,0,0,,,1,0
,,,,,,,,,,,4/20/2016,Secas,Dog,Reef,POLO,,,60,,0,0,60,0,0,1,,0,1
,,,,,,,,,,,4/20/2016,Secas,Dog,Reef,PAGI,,,85,,0,0,85,0,0,1,,0,1
,,,,,,,,,,,4/20/2016,Secas,Dog,Reef,POLO,,,6,,0,0,6,0,0,,,1,0
,,,,,,,,,,,4/20/2016,Secas,Dog,Reef,PAGI,,,80,,0,0,80,0,0,1,,0,1
,,,,,,,,,,,4/20/2016,Secas,Dog,Reef,PACL,15,20,30,,15,20,30,0,1,,1,0,1
,,,,,,,,,,,4/20/2016,Secas,Dog,Reef,PACL,10,25,50,5,10,25,50,5,1,1,,0,1
,,,,,,,,,,,4/20/2016,Secas,Dog,Reef,POLO,,,75,,0,0,75,0,0,1,,0,1
,,,,,,,,,,,4/20/2016,Secas,Dog,Reef,PACL,10,20,65,,10,20,65,0,1,1,,0,1
,,,,,,,,,,,4/20/2016,Secas,Dog,Reef,PACL,,25,,,0,25,0,0,0,,,1,0
,,,,,,,,,,,4/20/2016,Secas,Dog,Reef,POLO,,,4,,0,0,4,0,0,,,1,0
,,,,,,,,,,,4/21/2016,Uva,Uva-Ridley,Ridley,POLO,2,,20,,2,0,20,0,1,,,1,0
,,,,,,,,,,,4/21/2016,Uva,Uva-Ridley,Ridley,POLO,,90,15,,0,90,15,0,0,,,1,0
,,,,,,,,,,,4/21/2016,Uva,Uva-Ridley,Ridley,PODA,,15,40,2,0,15,40,2,0,,,1,0
,,,,,,,,,,,4/21/2016,Uva,Uva-Ridley,Ridley,PODA,20,55,65,2,20,55,65,2,1,1,1,0,1
,,,,,,,,,,,4/21/2016,Uva,Uva-Ridley,Ridley,POLO,3,60,30,,3,60,30,0,1,,,1,0
,,,,,,,,,,,4/21/2016,Uva,Uva-Ridley,Ridley,PACL,2,20,65,,2,20,65,0,1,1,,0,1
,,,,,,,,,,,4/21/2016,Uva,Uva-Ridley,Ridley,PACL,15,50,25,,15,50,25,0,1,,1,0,1
,,,,,,,,,,,4/21/2016,Uva,Uva-Ridley,Ridley,POLO,7,85,30,,7,85,30,0,1,,,1,0
,,,,,,,,,,,4/21/2016,Uva,Uva-Ridley,Ridley,PACL,60,5,20,7,60,5,20,7,1,,1,0,1
,,,,,,,,,,,4/21/2016,Uva,Uva-Ridley,Reef Flat,POEL,,75,2,,0,75,2,0,0,,,1,0
,,,,,,,,,,,4/21/2016,Uva,Uva-Ridley,Reef Flat,POEL,10,85,5,,10,85,5,0,1,,,1,0
,,,,,,,,,,,4/21/2016,Uva,Uva-Ridley,Reef Flat,POEL,,7,2,,0,7,2,0,0,,,1,0
,,,,,,,,,,,4/21/2016,Uva,Uva-Ridley,Reef Flat,POEL,2,,7,,2,0,7,0,1,,,1,0
,,,,,,,,,,,4/21/2016,Uva,Uva-Ridley,Reef Flat,POLO,1,75,50,1,1,75,50,1,1,1,,0,1
,,,,,,,,,,,4/21/2016,Uva,Uva-Ridley,Reef Flat,POLO,15,80,5,,15,80,5,0,1,,1,0,1
,,,,,,,,,,,4/21/2016,Uva,Uva-Ridley,Reef Flat,POLO,50,50,65,1,50,50,65,1,1,1,1,0,1
,,,,,,,,,,,4/21/2016,Uva,Uva-Ridley,Reef Flat,POLO,7,80,45,,7,80,45,0,1,,,1,0
,,,,,,,,,,,4/21/2016,Uva,Uva-Ridley,Reef Flat,POLO,15,60,40,3,15,60,40,3,1,,1,0,1
,,,,,,,,,,,4/21/2016,Uva,Uva-Ridley,Reef Flat,POEL,,,7,1,0,0,7,1,0,,,1,0
,,,,,,,,,,,4/21/2016,Uva,Uva-Ridley,Reef Flat,POEL,2,35,10,,2,35,10,0,1,,,1,0
,,,,,,,,,,,4/21/2016,Uva,Uva-Ridley,Reef Flat,POEL,2,50,40,,2,50,40,0,1,,,1,0
,,,,,,,,,,,4/21/2016,Uva,Uva-Ridley,Reef Flat,POLO,2,40,45,3,2,40,45,3,1,,,1,0
,,,,,,,,,,,4/21/2016,Uva,Uva-Ridley,Reef Flat,POLO,2,70,55,1,2,70,55,1,1,1,,0,1
,,,,,,,,,,,4/21/2016,Uva,Uva-Ridley,Reef Flat,GAPL,75,20,,,75,20,0,0,1,,1,0,1
,,,,,,,,,,,4/21/2016,Uva,Uva-Ridley,Millepora,PODA,3,95,5,,3,95,5,0,1,,,1,0
,,,,,,,,,,,4/21/2016,Uva,Uva-Ridley,Millepora,PODA,15,50,5,,15,50,5,0,1,,1,0,1
,,,,,,,,,,,4/21/2016,Uva,Uva-Ridley,Millepora,PODA,10,40,60,,10,40,60,0,1,1,,0,1
,,,,,,,,,,,4/21/2016,Uva,Uva-Ridley,Millepora,PODA,5,50,,,5,50,0,0,1,,,1,0
,,,,,,,,,,,4/21/2016,Uva,Uva-Ridley,Millepora,PODA,,100,5,1,0,100,5,1,0,,,1,0
,,,,,,,,,,,4/21/2016,Uva,Uva-Ridley,Millepora,PODA,,100,2,,0,100,2,0,0,,,1,0
,,,,,,,,,,,4/21/2016,Uva,Uva-Ridley,Millepora,PODA,25,75,2,,25,75,2,0,1,,1,0,1
,,,,,,,,,,,4/21/2016,Uva,Uva-Ridley,Millepora,PODA,5,95,2,,5,95,2,0,1,,,1,0
,,,,,,,,,,,4/21/2016,Uva,Uva-Ridley,Millepora,PODA,20,50,2,,20,50,2,0,1,,1,0,1
,,,,,,,,,,,4/21/2016,Uva,Uva-Ridley,Millepora,PODA,,75,5,,0,75,5,0,0,,,1,0
,,,,,,,,,,,4/21/2016,Uva,Uva-Ridley,Millepora,PODA,1,75,3,,1,75,3,0,1,,,1,0
,,,,,,,,,,,4/21/2016,Uva,Uva-Ridley,Millepora,POEL,,70,85,,0,70,85,0,0,1,,0,1
,,,,,,,,,,,4/21/2016,Uva,Uva-Ridley,Millepora,POEL,,45,35,,0,45,35,0,0,,,1,0
,,,,,,,,,,,4/21/2016,Uva,Uva-Ridley,Millepora,POEL,,20,75,,0,20,75,0,0,1,,0,1
,,,,,,,,,,,4/21/2016,Uva,Uva-Ridley,Millepora,POEL,,85,40,1,0,85,40,1,0,,,1,0
,,,,,,,,,,,4/21/2016,Uva,Uva-Reef,Coral Colxn Pt,PACL,20,50,60,,20,50,60,0,1,1,1,0,1
,,,,,,,,,,,4/21/2016,Uva,Uva-Reef,Coral Colxn Pt,PACL,50,50,10,,50,50,10,0,1,,1,0,1
,,,,,,,,,,,4/21/2016,Uva,Uva-Reef,Coral Colxn Pt,PACL,80,20,30,,80,20,30,0,1,,1,0,1
,,,,,,,,,,,4/21/2016,Uva,Uva-Reef,Coral Colxn Pt,PACL,,100,70,,0,100,70,0,0,1,,0,1
,,,,,,,,,,,4/21/2016,Uva,Uva-Reef,Coral Colxn Pt,PACL,50,50,40,,50,50,40,0,1,,1,0,1
,,,,,,,,,,,4/21/2016,Uva,Uva-Ridley,Ridley,POEL,,,,,0,0,0,0,0,,,1,0
,,,,,,,,,,,4/21/2016,Uva,Uva-Ridley,Ridley,GAPL,6,50,75,5,6,50,75,5,1,1,,0,1
,,,,,,,,,,,4/21/2016,Uva,Uva-Ridley,Ridley,GAPL,10,10,80,,10,10,80,0,1,1,,0,1
,,,,,,,,,,,4/21/2016,Uva,Uva-Ridley,Ridley,POLO,,,20,,0,0,20,0,0,,,1,0
,,,,,,,,,,,4/21/2016,Uva,Uva-Ridley,Ridley,MIIN,10,,77,5,10,0,77,5,1,1,,0,1
,,,,,,,,,,,4/21/2016,Uva,Uva-Ridley,Ridley,GAPL,,85,40,20,0,85,40,20,0,1,,0,1
,,,,,,,,,,,4/21/2016,Uva,Uva-Ridley,Ridley,POEL,,8,50,12,0,8,50,12,0,1,,0,1
,,,,,,,,,,,4/21/2016,Uva,Uva-Ridley,Ridley,PACL,,85,50,15,0,85,50,15,0,1,,0,1
,,,,,,,,,,,4/21/2016,Uva,Uva-Ridley,Ridley,POEL,,,10,,0,0,10,0,0,,,1,0
,,,,,,,,,,,4/21/2016,Uva,Uva-Ridley,Ridley,POLO,,,30,35,0,0,30,35,0,1,,0,1
,,,,,,,,,,,4/21/2016,Uva,Uva-Ridley,Ridley,PAGI,,,,,0,0,0,0,0,,,1,0
,,,,,,,,,,,4/21/2016,Uva,Uva-Ridley,Ridley,PAGI,,,,,0,0,0,0,0,,,1,0
,,,,,,,,,,,4/21/2016,Uva,Uva-Ridley,Ridley,PAGI,,,,,0,0,0,0,0,,,1,0
,,,,,,,,,,,4/21/2016,Uva,Uva-Ridley,Ridley,PACH,,,65,,0,0,65,0,0,1,,0,1
,,,,,,,,,,,4/21/2016,Uva,Uva-Ridley,Ridley,PACH,,,80,,0,0,80,0,0,1,,0,1
,,,,,,,,,,,4/21/2016,Uva,Uva-Ridley,Ridley,PACH,,,35,,0,0,35,0,0,,,1,0
,,,,,,,,,,,4/21/2016,Uva,Uva-Ridley,Ridley,PACH,,,65,,0,0,65,0,0,1,,0,1
,,,,,,,,,,,4/21/2016,Uva,Uva-Ridley,Ridley,MIIN,,40,60,,0,40,60,0,0,1,,0,1
,,,,,,,,,,,4/21/2016,Uva,Uva-Ridley,Ridley,MIIN,,60,60,,0,60,60,0,0,1,,0,1
,,,,,,,,,,,4/21/2016,Uva,Uva-Ridley,Ridley,POLO,,,65,,0,0,65,0,0,1,,0,1
,,,,,,,,,,,4/21/2016,Uva,Uva-Ridley,Ridley,PAGI,,,5,,0,0,5,0,0,,,1,0
,,,,,,,,,,,4/21/2016,Uva,Uva-Ridley,Ridley,PAGI,,,,,0,0,0,0,0,,,1,0
,,,,,,,,,,,4/21/2016,Uva,Uva-Ridley,Ridley,PAGI,,,,,0,0,0,0,0,,,1,0
,,,,,,,,,,,4/21/2016,Uva,Uva-Ridley,Ridley,PAGI,,,,,0,0,0,0,0,,,1,0
,,,,,,,,,,,4/21/2016,Uva,Uva-Ridley,Ridley,PODA,,10,,,0,10,0,0,0,,,1,0
,,,,,,,,,,,8/10/2018,Uva,Uva-Reef,Forereef,POSP,,,60,,0,0,60,0,0,1,,0,1
,,,,,,,,,,,8/10/2018,Uva,Uva-Reef,Forereef,POSP,,,40,7,0,0,40,7,0,,,1,0
,,,,,,,,,,,8/10/2018,Uva,Uva-Reef,Forereef,POSP,,,,,0,0,0,0,0,,,1,0
,,,,,,,,,,,8/10/2018,Uva,Uva-Reef,Forereef,POSP,,,5,,0,0,5,0,0,,,1,0
,,,,,,,,,,,8/10/2018,Uva,Uva-Reef,Forereef,POSP,,,7,,0,0,7,0,0,,,1,0
,,,,,,,,,,,8/10/2018,Uva,Uva-Reef,Forereef,POSP,,,50,,0,0,50,0,0,1,,0,1
,,,,,,,,,,,8/10/2018,Uva,Uva-Reef,Forereef,PSST,,,30,,0,0,30,0,0,,,1,0
,,,,,,,,,,,8/10/2018,Uva,Uva-Reef,Forereef,POSP,,,18,2,0,0,18,2,0,,,1,0
,,,,,,,,,,,8/10/2018,Uva,Uva-Reef,Forereef,POSP,,,,,0,0,0,0,0,,,1,0
,,,,,,,,,,,8/10/2018,Uva,Uva-Reef,Forereef,PSST,,,45,,0,0,45,0,0,,,1,0
,,,,,,,,,,,8/10/2018,Uva,Uva-Reef,Forereef,POSP,,,,50,0,0,0,50,0,1,,0,1
,,,,,,,,,,,8/10/2018,Uva,Uva-Reef,Forereef,POSP,,,,,0,0,0,0,0,,,1,0
,,,,,,,,,,,8/10/2018,Uva,Uva-Reef,Forereef,PSST,,,40,,0,0,40,0,0,,,1,0
,,,,,,,,,,,8/10/2018,Uva,Uva-Reef,Forereef,PAVA,,,60,,0,0,60,0,0,1,,0,1
,,,,,,,,,,,8/10/2018,Uva,Uva-Reef,Forereef,POSP,,,20,10,0,0,20,10,0,,,1,0
,,,,,,,,,,,8/11/2018,Uva,Uva-Ridley,Ridley,PODA,,,15,,0,0,15,0,0,,,1,0
,,,,,,,,,,,8/11/2018,Uva,Uva-Ridley,Ridley,POLO,,,10,,0,0,10,0,0,,,1,0
,,,,,,,,,,,8/11/2018,Uva,Uva-Ridley,Ridley,PODA,,,60,,0,0,60,0,0,1,,0,1
,,,,,,,,,,,8/11/2018,Uva,Uva-Ridley,Ridley,POLO,,,40,,0,0,40,0,0,,,1,0
,,,,,,,,,,,8/11/2018,Uva,Uva-Ridley,Ridley,PODA,,,17,,0,0,17,0,0,,,1,0
,,,,,,,,,,,8/11/2018,Uva,Uva-Ridley,Ridley,PACH,,,30,,0,0,30,0,0,,,1,0
,,,,,,,,,,,8/11/2018,Uva,Uva-Ridley,Ridley,PACL,,,40,,0,0,40,0,0,,,1,0
,,,,,,,,,,,8/11/2018,Uva,Uva-Ridley,Ridley,POLO,,,,,0,0,0,0,0,,,1,0
,,,,,,,,,,,8/11/2018,Uva,Uva-Ridley,Ridley,PACL,,,50,,0,0,50,0,0,1,,0,1
,,,,,,,,,,,8/11/2018,Uva,Uva-Ridley,Ridley,GAPL,,,85,,0,0,85,0,0,1,,0,1
,,,,,,,,,,,8/11/2018,Uva,Uva-Ridley,Ridley,MIIN,,,70,,0,0,70,0,0,1,,0,1
,,,,,,,,,,,8/11/2018,Uva,Uva-Ridley,Ridley,POEL,,,5,,0,0,5,0,0,,,1,0
,,,,,,,,,,,8/11/2018,Uva,Uva-Ridley,Ridley,MIIN,,,,,0,0,0,0,0,,,1,0
,,,,,,,,,,,8/11/2018,Uva,Uva-Ridley,Ridley,MIIN,,,20,,0,0,20,0,0,,,1,0
,,,,,,,,,,,8/11/2018,Uva,Uva-Ridley,Ridley,MIIN,,,50,,0,0,50,0,0,1,,0,1
,,,,,,,,,,,8/11/2018,Uva,Uva-Ridley,Ridley,PAGI,,,15,,0,0,15,0,0,,,1,0
,,,,,,,,,,,8/11/2018,Uva,Uva-Ridley,Ridley,MIIN,,,,,0,0,0,0,0,,,1,0
,,,,,,,,,,,8/11/2018,Uva,Uva-Ridley,Ridley,PACH,,,,,0,0,0,0,0,,,1,0
,,,,,,,,,,,8/11/2018,Uva,Uva-Ridley,Ridley,PACH,,,20,,0,0,20,0,0,,,1,0
,,,,,,,,,,,8/11/2018,Uva,Uva-Ridley,Ridley,POPA,,,15,4,0,0,15,4,0,,,1,0
,,,,,,,,,,,8/11/2018,Uva,Uva-Ridley,Ridley,POLO,,,5,,0,0,5,0,0,,,1,0
,,,,,,,,,,,8/11/2018,Uva,Uva-Ridley,Ridley,PACL,,,65,20,0,0,65,20,0,1,,0,1
,,,,,,,,,,,8/11/2018,Uva,Uva-Ridley,Ridley,PAGI,,,15,,0,0,15,0,0,,,1,0
,,,,,,,,,,,8/11/2018,Uva,Uva-Ridley,Ridley,POPA,,,,,0,0,0,0,0,,,1,0
,,,,,,,,,,,8/12/2018,Canal de Afuera,Wahoo,Wahoo E Mooring,POLO,,3,45,,0,3,45,0,0,,,1,0
,,,,,,,,,,,8/12/2018,Canal de Afuera,Wahoo,Wahoo E Mooring,POEL,,,,,0,0,0,0,0,,,1,0
,,,,,,,,,,,8/12/2018,Canal de Afuera,Wahoo,Wahoo E Mooring,PAGI,,,,,0,0,0,0,0,,,1,0
,,,,,,,,,,,8/12/2018,Canal de Afuera,Wahoo,Wahoo E Mooring,POEL,,,,,0,0,0,0,0,,,1,0
,,,,,,,,,,,8/12/2018,Canal de Afuera,Wahoo,Wahoo E Mooring,POLO,,,15,,0,0,15,0,0,,,1,0
,,,,,,,,,,,8/13/2018,Secas,Dog-Reef,North,PODA,,,,,0,0,0,0,0,,,1,0
,,,,,,,,,,,8/13/2018,Secas,Dog-Reef,North,PODA,,,,,0,0,0,0,0,,,1,0
,,,,,,,,,,,8/13/2018,Secas,Dog-Reef,North,PACL,,,,,0,0,0,0,0,,,1,0
,,,,,,,,,,,8/13/2018,Secas,Dog-Reef,North,PACL,,,,,0,0,0,0,0,,,1,0
,,,,,,,,,,,8/13/2018,Secas,Dog-Reef,North,POLO,,,50,22,0,0,50,22,0,1,,0,1
,,,,,,,,,,,8/13/2018,Secas,Dog-Reef,North,PODA,,,45,5,0,0,45,5,0,1,,0,1
,,,,,,,,,,,8/13/2018,Secas,Dog-Reef,North,POEL,,,5,,0,0,5,0,0,,,1,0
,,,,,,,,,,,8/13/2018,Secas,Dog-Reef,South,POEL,,,,,0,0,0,0,0,,,1,0
,,,,,,,,,,,8/13/2018,Secas,Dog-Reef,South,POLO,,,25,,0,0,25,0,0,,,1,0
,,,,,,,,,,,8/13/2018,Secas,Dog-Reef,South,POLO,,,10,,0,0,10,0,0,,,1,0
,,,,,,,,,,,8/13/2018,Secas,Dog-Reef,South,POLO,,,20,2,0,0,20,2,0,,,1,0
,,,,,,,,,,,8/13/2018,Secas,Dog-Reef,South,PAGI,,,20,,0,0,20,0,0,,,1,0
,,,,,,,,,,,8/13/2018,Secas,Dog-Reef,South,POLO,,,15,,0,0,15,0,0,,,1,0
,,,,,,,,,,,8/13/2018,Secas,Dog-Reef,South,PACL,,,15,,0,0,15,0,0,,,1,0
,,,,,,,,,,,8/13/2018,Secas,Dog-Reef,South,PAVA,,,75,,0,0,75,0,0,1,,0,1
,,,,,,,,,,,8/13/2018,Secas,Dog-Reef,South,PAVA,,,85,,0,0,85,0,0,1,,0,1
,,,,,,,,,,,8/13/2018,Secas,Dog-Reef,South,PSSU,,,75,,0,0,75,0,0,1,,0,1
,,,,,,,,,,,8/13/2018,Secas,Dog-Reef,South,PAGI,,,90,,0,0,90,0,0,1,,0,1
,,,,,,,,,,,8/13/2018,Secas,Dog-Reef,South,PAVA,,,65,,0,0,65,0,0,1,,0,1
,,,,,,,,,,,8/13/2018,Secas,Dog-Reef,South,PSSU,,,25,,0,0,25,0,0,,,1,0
,,,,,,,,,,,8/13/2018,Secas,Dog-Reef,South,POLO,,,,,0,0,0,0,0,,,1,0
,,,,,,,,,,,8/13/2018,Secas,Dog-Reef,South,POLO,,,,5,0,0,0,5,0,,,1,0
